id,tower,code,path,tier,upgrade,medium_increment,medium_bare_path_total,cost_kind,historical_wiki_xp,role,effect,cost_source_url,effect_source_url,model_reference_url
dart_monkey_100,Dart Monkey,100,top,1,Sharp Shots,140,340,fixed_upgrade_price,100,basic_dps,Adds one pierce.,https://raw.githubusercontent.com/hemisemidemipresent/cyberquincy/master/jsons/costs.json,https://raw.githubusercontent.com/Btd6ModHelper/btd6-game-data/main/textTable.json,https://raw.githubusercontent.com/Btd6ModHelper/btd6-game-data/main/Towers/DartMonkey/DartMonkey-100.json
dart_monkey_200,Dart Monkey,200,top,2,Razor Sharp Shots,200,540,fixed_upgrade_price,500,basic_dps,Adds two more pierce.,https://raw.githubusercontent.com/hemisemidemipresent/cyberquincy/master/jsons/costs.json,https://raw.githubusercontent.com/Btd6ModHelper/btd6-game-data/main/textTable.json,https://raw.githubusercontent.com/Btd6ModHelper/btd6-game-data/main/Towers/DartMonkey/DartMonkey-200.json
dart_monkey_300,Dart Monkey,300,top,3,Spike-o-pult,320,860,fixed_upgrade_price,2100,splash,"Replaces darts with slower, high-pierce balls that rebound from walls.",https://raw.githubusercontent.com/hemisemidemipresent/cyberquincy/master/jsons/costs.json,https://raw.githubusercontent.com/Btd6ModHelper/btd6-game-data/main/textTable.json,https://raw.githubusercontent.com/Btd6ModHelper/btd6-game-data/main/Towers/DartMonkey/DartMonkey-300.json
dart_monkey_400,Dart Monkey,400,top,4,Juggernaut,1800,2660,fixed_upgrade_price,7500,splash,Bouncing balls damage Lead and gain bonuses against Ceramic and Fortified targets.,https://raw.githubusercontent.com/hemisemidemipresent/cyberquincy/master/jsons/costs.json,https://raw.githubusercontent.com/Btd6ModHelper/btd6-game-data/main/textTable.json,https://raw.githubusercontent.com/Btd6ModHelper/btd6-game-data/main/Towers/DartMonkey/DartMonkey-400.json
dart_monkey_500,Dart Monkey,500,top,5,Ultra-Juggernaut,15000,17660,fixed_upgrade_price,22000,splash,Large balls release two sets of six smaller Juggernaut balls.,https://raw.githubusercontent.com/hemisemidemipresent/cyberquincy/master/jsons/costs.json,https://raw.githubusercontent.com/Btd6ModHelper/btd6-game-data/main/textTable.json,https://raw.githubusercontent.com/Btd6ModHelper/btd6-game-data/main/Towers/DartMonkey/DartMonkey-500.json
dart_monkey_010,Dart Monkey,010,middle,1,Quick Shots,100,300,fixed_upgrade_price,80,basic_dps,Reduces the interval between attacks.,https://raw.githubusercontent.com/hemisemidemipresent/cyberquincy/master/jsons/costs.json,https://raw.githubusercontent.com/Btd6ModHelper/btd6-game-data/main/textTable.json,https://raw.githubusercontent.com/Btd6ModHelper/btd6-game-data/main/Towers/DartMonkey/DartMonkey-010.json
dart_monkey_020,Dart Monkey,020,middle,2,Very Quick Shots,190,490,fixed_upgrade_price,400,basic_dps,Further reduces the attack interval.,https://raw.githubusercontent.com/hemisemidemipresent/cyberquincy/master/jsons/costs.json,https://raw.githubusercontent.com/Btd6ModHelper/btd6-game-data/main/textTable.json,https://raw.githubusercontent.com/Btd6ModHelper/btd6-game-data/main/Towers/DartMonkey/DartMonkey-020.json
dart_monkey_030,Dart Monkey,030,middle,3,Triple Shot,450,940,fixed_upgrade_price,2000,basic_dps,Throws three darts per attack.,https://raw.githubusercontent.com/hemisemidemipresent/cyberquincy/master/jsons/costs.json,https://raw.githubusercontent.com/Btd6ModHelper/btd6-game-data/main/textTable.json,https://raw.githubusercontent.com/Btd6ModHelper/btd6-game-data/main/Towers/DartMonkey/DartMonkey-030.json
dart_monkey_040,Dart Monkey,040,middle,4,Super Monkey Fan Club,7200,8140,fixed_upgrade_price,9500,support,Temporarily transforms up to ten nearby Dart Monkeys; also improves regular attack speed.,https://raw.githubusercontent.com/hemisemidemipresent/cyberquincy/master/jsons/costs.json,https://raw.githubusercontent.com/Btd6ModHelper/btd6-game-data/main/textTable.json,https://raw.githubusercontent.com/Btd6ModHelper/btd6-game-data/main/Towers/DartMonkey/DartMonkey-040.json
dart_monkey_050,Dart Monkey,050,middle,5,Plasma Monkey Fan Club,45000,53140,fixed_upgrade_price,30000,support,Upgrades the temporary Dart Monkey transformation to plasma attacks.,https://raw.githubusercontent.com/hemisemidemipresent/cyberquincy/master/jsons/costs.json,https://raw.githubusercontent.com/Btd6ModHelper/btd6-game-data/main/textTable.json,https://raw.githubusercontent.com/Btd6ModHelper/btd6-game-data/main/Towers/DartMonkey/DartMonkey-050.json
dart_monkey_001,Dart Monkey,001,bottom,1,Long Range Darts,90,290,fixed_upgrade_price,50,basic_dps,Increases attack range.,https://raw.githubusercontent.com/hemisemidemipresent/cyberquincy/master/jsons/costs.json,https://raw.githubusercontent.com/Btd6ModHelper/btd6-game-data/main/textTable.json,https://raw.githubusercontent.com/Btd6ModHelper/btd6-game-data/main/Towers/DartMonkey/DartMonkey-001.json
dart_monkey_002,Dart Monkey,002,bottom,2,Enhanced Eyesight,200,490,fixed_upgrade_price,450,basic_dps,Adds more range and Camo detection.,https://raw.githubusercontent.com/hemisemidemipresent/cyberquincy/master/jsons/costs.json,https://raw.githubusercontent.com/Btd6ModHelper/btd6-game-data/main/textTable.json,https://raw.githubusercontent.com/Btd6ModHelper/btd6-game-data/main/Towers/DartMonkey/DartMonkey-002.json
dart_monkey_003,Dart Monkey,003,bottom,3,Crossbow,575,1065,fixed_upgrade_price,1900,sniper,Changes the weapon to a long-range crossbow with three damage per hit.,https://raw.githubusercontent.com/hemisemidemipresent/cyberquincy/master/jsons/costs.json,https://raw.githubusercontent.com/Btd6ModHelper/btd6-game-data/main/textTable.json,https://raw.githubusercontent.com/Btd6ModHelper/btd6-game-data/main/Towers/DartMonkey/DartMonkey-003.json
dart_monkey_004,Dart Monkey,004,bottom,4,Sharp Shooter,2050,3115,fixed_upgrade_price,12000,sniper,Adds faster attacks and periodic critical hits.,https://raw.githubusercontent.com/hemisemidemipresent/cyberquincy/master/jsons/costs.json,https://raw.githubusercontent.com/Btd6ModHelper/btd6-game-data/main/textTable.json,https://raw.githubusercontent.com/Btd6ModHelper/btd6-game-data/main/Towers/DartMonkey/DartMonkey-004.json
dart_monkey_005,Dart Monkey,005,bottom,5,Crossbow Master,21500,24615,fixed_upgrade_price,35000,sniper,Further improves firing speed and critical-hit damage.,https://raw.githubusercontent.com/hemisemidemipresent/cyberquincy/master/jsons/costs.json,https://raw.githubusercontent.com/Btd6ModHelper/btd6-game-data/main/textTable.json,https://raw.githubusercontent.com/Btd6ModHelper/btd6-game-data/main/Towers/DartMonkey/DartMonkey-005.json
boomerang_monkey_100,Boomerang Monkey,100,top,1,Improved Rangs,200,515,fixed_upgrade_price,,basic_dps,Raises the number of targets each throw can hit to eight.,https://raw.githubusercontent.com/hemisemidemipresent/cyberquincy/master/jsons/costs.json,https://raw.githubusercontent.com/Btd6ModHelper/btd6-game-data/main/textTable.json,https://raw.githubusercontent.com/Btd6ModHelper/btd6-game-data/main/Towers/BoomerangMonkey/BoomerangMonkey-100.json
boomerang_monkey_200,Boomerang Monkey,200,top,2,Glaives,280,795,fixed_upgrade_price,,basic_dps,"Uses larger, faster projectiles with more pierce.",https://raw.githubusercontent.com/hemisemidemipresent/cyberquincy/master/jsons/costs.json,https://raw.githubusercontent.com/Btd6ModHelper/btd6-game-data/main/textTable.json,https://raw.githubusercontent.com/Btd6ModHelper/btd6-game-data/main/Towers/BoomerangMonkey/BoomerangMonkey-200.json
boomerang_monkey_300,Boomerang Monkey,300,top,3,Glaive Ricochet,600,1395,fixed_upgrade_price,,splash,Glaives jump between nearby targets after a hit.,https://raw.githubusercontent.com/hemisemidemipresent/cyberquincy/master/jsons/costs.json,https://raw.githubusercontent.com/Btd6ModHelper/btd6-game-data/main/textTable.json,https://raw.githubusercontent.com/Btd6ModHelper/btd6-game-data/main/Towers/BoomerangMonkey/BoomerangMonkey-300.json
boomerang_monkey_400,Boomerang Monkey,400,top,4,M.O.A.R Glaives,2000,3395,fixed_upgrade_price,,splash,Improves the attack rate and capacity of ricocheting glaives.,https://raw.githubusercontent.com/hemisemidemipresent/cyberquincy/master/jsons/costs.json,https://raw.githubusercontent.com/Btd6ModHelper/btd6-game-data/main/textTable.json,https://raw.githubusercontent.com/Btd6ModHelper/btd6-game-data/main/Towers/BoomerangMonkey/BoomerangMonkey-400.json
boomerang_monkey_500,Boomerang Monkey,500,top,5,Glaive Lord,32500,35895,fixed_upgrade_price,,splash,Adds three orbiting glaives and a damaging effect on MOAB-class targets.,https://raw.githubusercontent.com/hemisemidemipresent/cyberquincy/master/jsons/costs.json,https://raw.githubusercontent.com/Btd6ModHelper/btd6-game-data/main/textTable.json,https://raw.githubusercontent.com/Btd6ModHelper/btd6-game-data/main/Towers/BoomerangMonkey/BoomerangMonkey-500.json
boomerang_monkey_010,Boomerang Monkey,010,middle,1,Faster Throwing,175,490,fixed_upgrade_price,,basic_dps,Increases throwing speed.,https://raw.githubusercontent.com/hemisemidemipresent/cyberquincy/master/jsons/costs.json,https://raw.githubusercontent.com/Btd6ModHelper/btd6-game-data/main/textTable.json,https://raw.githubusercontent.com/Btd6ModHelper/btd6-game-data/main/Towers/BoomerangMonkey/BoomerangMonkey-010.json
boomerang_monkey_020,Boomerang Monkey,020,middle,2,Faster Rangs,250,740,fixed_upgrade_price,,basic_dps,Improves attack speed and projectile speed.,https://raw.githubusercontent.com/hemisemidemipresent/cyberquincy/master/jsons/costs.json,https://raw.githubusercontent.com/Btd6ModHelper/btd6-game-data/main/textTable.json,https://raw.githubusercontent.com/Btd6ModHelper/btd6-game-data/main/Towers/BoomerangMonkey/BoomerangMonkey-020.json
boomerang_monkey_030,Boomerang Monkey,030,middle,3,Bionic Boomerang,1250,1990,fixed_upgrade_price,,rapid_fire,Greatly increases firing speed and adds MOAB-class damage.,https://raw.githubusercontent.com/hemisemidemipresent/cyberquincy/master/jsons/costs.json,https://raw.githubusercontent.com/Btd6ModHelper/btd6-game-data/main/textTable.json,https://raw.githubusercontent.com/Btd6ModHelper/btd6-game-data/main/Towers/BoomerangMonkey/BoomerangMonkey-030.json
boomerang_monkey_040,Boomerang Monkey,040,middle,4,Turbo Charge,4200,6190,fixed_upgrade_price,,rapid_fire,Activates a temporary attack-speed boost.,https://raw.githubusercontent.com/hemisemidemipresent/cyberquincy/master/jsons/costs.json,https://raw.githubusercontent.com/Btd6ModHelper/btd6-game-data/main/textTable.json,https://raw.githubusercontent.com/Btd6ModHelper/btd6-game-data/main/Towers/BoomerangMonkey/BoomerangMonkey-040.json
boomerang_monkey_050,Boomerang Monkey,050,middle,5,Perma Charge,35000,41190,fixed_upgrade_price,,rapid_fire,Provides sustained rapid attacks and an activated damage boost.,https://raw.githubusercontent.com/hemisemidemipresent/cyberquincy/master/jsons/costs.json,https://raw.githubusercontent.com/Btd6ModHelper/btd6-game-data/main/textTable.json,https://raw.githubusercontent.com/Btd6ModHelper/btd6-game-data/main/Towers/BoomerangMonkey/BoomerangMonkey-050.json
boomerang_monkey_001,Boomerang Monkey,001,bottom,1,Long Range Rangs,100,415,fixed_upgrade_price,,basic_dps,Increases throwing range.,https://raw.githubusercontent.com/hemisemidemipresent/cyberquincy/master/jsons/costs.json,https://raw.githubusercontent.com/Btd6ModHelper/btd6-game-data/main/textTable.json,https://raw.githubusercontent.com/Btd6ModHelper/btd6-game-data/main/Towers/BoomerangMonkey/BoomerangMonkey-001.json
boomerang_monkey_002,Boomerang Monkey,002,bottom,2,Red Hot Rangs,300,715,fixed_upgrade_price,,basic_dps,Adds damage and allows hits on Lead and Frozen targets.,https://raw.githubusercontent.com/hemisemidemipresent/cyberquincy/master/jsons/costs.json,https://raw.githubusercontent.com/Btd6ModHelper/btd6-game-data/main/textTable.json,https://raw.githubusercontent.com/Btd6ModHelper/btd6-game-data/main/Towers/BoomerangMonkey/BoomerangMonkey-002.json
boomerang_monkey_003,Boomerang Monkey,003,bottom,3,Kylie Boomerang,1300,2015,fixed_upgrade_price,,splash,Uses straight-flying boomerangs instead of curved throws.,https://raw.githubusercontent.com/hemisemidemipresent/cyberquincy/master/jsons/costs.json,https://raw.githubusercontent.com/Btd6ModHelper/btd6-game-data/main/textTable.json,https://raw.githubusercontent.com/Btd6ModHelper/btd6-game-data/main/Towers/BoomerangMonkey/BoomerangMonkey-003.json
boomerang_monkey_004,Boomerang Monkey,004,bottom,4,MOAB Press,2700,4715,fixed_upgrade_price,,slow,Special throws repeatedly hit and push back MOAB-class targets.,https://raw.githubusercontent.com/hemisemidemipresent/cyberquincy/master/jsons/costs.json,https://raw.githubusercontent.com/Btd6ModHelper/btd6-game-data/main/textTable.json,https://raw.githubusercontent.com/Btd6ModHelper/btd6-game-data/main/Towers/BoomerangMonkey/BoomerangMonkey-004.json
boomerang_monkey_005,Boomerang Monkey,005,bottom,5,MOAB Domination,50000,54715,fixed_upgrade_price,,slow,Strengthens the damage and frequency of anti-MOAB knockback attacks.,https://raw.githubusercontent.com/hemisemidemipresent/cyberquincy/master/jsons/costs.json,https://raw.githubusercontent.com/Btd6ModHelper/btd6-game-data/main/textTable.json,https://raw.githubusercontent.com/Btd6ModHelper/btd6-game-data/main/Towers/BoomerangMonkey/BoomerangMonkey-005.json
bomb_shooter_100,Bomb Shooter,100,top,1,Bigger Bombs,250,625,fixed_upgrade_price,200,splash,Increases explosion radius and pierce.,https://raw.githubusercontent.com/hemisemidemipresent/cyberquincy/master/jsons/costs.json,https://raw.githubusercontent.com/Btd6ModHelper/btd6-game-data/main/textTable.json,https://raw.githubusercontent.com/Btd6ModHelper/btd6-game-data/main/Towers/BombShooter/BombShooter-100.json
bomb_shooter_200,Bomb Shooter,200,top,2,Heavy Bombs,650,1275,fixed_upgrade_price,1000,splash,Raises explosion damage to two and increases pierce.,https://raw.githubusercontent.com/hemisemidemipresent/cyberquincy/master/jsons/costs.json,https://raw.githubusercontent.com/Btd6ModHelper/btd6-game-data/main/textTable.json,https://raw.githubusercontent.com/Btd6ModHelper/btd6-game-data/main/Towers/BombShooter/BombShooter-200.json
bomb_shooter_300,Bomb Shooter,300,top,3,Really Big Bombs,1100,2375,fixed_upgrade_price,3000,splash,"Adds larger explosions, more damage, and knockback.",https://raw.githubusercontent.com/hemisemidemipresent/cyberquincy/master/jsons/costs.json,https://raw.githubusercontent.com/Btd6ModHelper/btd6-game-data/main/textTable.json,https://raw.githubusercontent.com/Btd6ModHelper/btd6-game-data/main/Towers/BombShooter/BombShooter-300.json
bomb_shooter_400,Bomb Shooter,400,top,4,Bloon Impact,2800,5175,fixed_upgrade_price,10000,status,Explosions stun ordinary Bloons; range and fragments improve.,https://raw.githubusercontent.com/hemisemidemipresent/cyberquincy/master/jsons/costs.json,https://raw.githubusercontent.com/Btd6ModHelper/btd6-game-data/main/textTable.json,https://raw.githubusercontent.com/Btd6ModHelper/btd6-game-data/main/Towers/BombShooter/BombShooter-400.json
bomb_shooter_500,Bomb Shooter,500,top,5,Bloon Crush,55000,60175,fixed_upgrade_price,37500,status,Adds high damage and the ability to stun MOAB-class targets.,https://raw.githubusercontent.com/hemisemidemipresent/cyberquincy/master/jsons/costs.json,https://raw.githubusercontent.com/Btd6ModHelper/btd6-game-data/main/textTable.json,https://raw.githubusercontent.com/Btd6ModHelper/btd6-game-data/main/Towers/BombShooter/BombShooter-500.json
bomb_shooter_010,Bomb Shooter,010,middle,1,Faster Reload,250,625,fixed_upgrade_price,180,splash,Reduces reload time.,https://raw.githubusercontent.com/hemisemidemipresent/cyberquincy/master/jsons/costs.json,https://raw.githubusercontent.com/Btd6ModHelper/btd6-game-data/main/textTable.json,https://raw.githubusercontent.com/Btd6ModHelper/btd6-game-data/main/Towers/BombShooter/BombShooter-010.json
bomb_shooter_020,Bomb Shooter,020,middle,2,Missile Launcher,400,1025,fixed_upgrade_price,650,splash,"Increases firing speed, projectile speed, and range.",https://raw.githubusercontent.com/hemisemidemipresent/cyberquincy/master/jsons/costs.json,https://raw.githubusercontent.com/Btd6ModHelper/btd6-game-data/main/textTable.json,https://raw.githubusercontent.com/Btd6ModHelper/btd6-game-data/main/Towers/BombShooter/BombShooter-020.json
bomb_shooter_030,Bomb Shooter,030,middle,3,MOAB Mauler,1000,2025,fixed_upgrade_price,2700,tank_killer,Adds bonus damage against MOAB-class targets.,https://raw.githubusercontent.com/hemisemidemipresent/cyberquincy/master/jsons/costs.json,https://raw.githubusercontent.com/Btd6ModHelper/btd6-game-data/main/textTable.json,https://raw.githubusercontent.com/Btd6ModHelper/btd6-game-data/main/Towers/BombShooter/BombShooter-030.json
bomb_shooter_040,Bomb Shooter,040,middle,4,MOAB Assassin,3450,5475,fixed_upgrade_price,10000,tank_killer,Adds a targeted anti-MOAB missile ability and improves normal attacks.,https://raw.githubusercontent.com/hemisemidemipresent/cyberquincy/master/jsons/costs.json,https://raw.githubusercontent.com/Btd6ModHelper/btd6-game-data/main/textTable.json,https://raw.githubusercontent.com/Btd6ModHelper/btd6-game-data/main/Towers/BombShooter/BombShooter-040.json
bomb_shooter_050,Bomb Shooter,050,middle,5,MOAB Eliminator,26000,31475,fixed_upgrade_price,35000,tank_killer,Strengthens anti-MOAB damage and shortens the missile ability cooldown.,https://raw.githubusercontent.com/hemisemidemipresent/cyberquincy/master/jsons/costs.json,https://raw.githubusercontent.com/Btd6ModHelper/btd6-game-data/main/textTable.json,https://raw.githubusercontent.com/Btd6ModHelper/btd6-game-data/main/Towers/BombShooter/BombShooter-050.json
bomb_shooter_001,Bomb Shooter,001,bottom,1,Extra Range,200,575,fixed_upgrade_price,150,splash,Increases attack range.,https://raw.githubusercontent.com/hemisemidemipresent/cyberquincy/master/jsons/costs.json,https://raw.githubusercontent.com/Btd6ModHelper/btd6-game-data/main/textTable.json,https://raw.githubusercontent.com/Btd6ModHelper/btd6-game-data/main/Towers/BombShooter/BombShooter-001.json
bomb_shooter_002,Bomb Shooter,002,bottom,2,Frag Bombs,300,875,fixed_upgrade_price,600,splash,Bombs release damaging fragments.,https://raw.githubusercontent.com/hemisemidemipresent/cyberquincy/master/jsons/costs.json,https://raw.githubusercontent.com/Btd6ModHelper/btd6-game-data/main/textTable.json,https://raw.githubusercontent.com/Btd6ModHelper/btd6-game-data/main/Towers/BombShooter/BombShooter-002.json
bomb_shooter_003,Bomb Shooter,003,bottom,3,Cluster Bombs,700,1575,fixed_upgrade_price,2500,splash,Replaces fragments with secondary explosions.,https://raw.githubusercontent.com/hemisemidemipresent/cyberquincy/master/jsons/costs.json,https://raw.githubusercontent.com/Btd6ModHelper/btd6-game-data/main/textTable.json,https://raw.githubusercontent.com/Btd6ModHelper/btd6-game-data/main/Towers/BombShooter/BombShooter-003.json
bomb_shooter_004,Bomb Shooter,004,bottom,4,Recursive Cluster,2500,4075,fixed_upgrade_price,10000,splash,Every second attack adds another generation of cluster explosions.,https://raw.githubusercontent.com/hemisemidemipresent/cyberquincy/master/jsons/costs.json,https://raw.githubusercontent.com/Btd6ModHelper/btd6-game-data/main/textTable.json,https://raw.githubusercontent.com/Btd6ModHelper/btd6-game-data/main/Towers/BombShooter/BombShooter-004.json
bomb_shooter_005,Bomb Shooter,005,bottom,5,Bomb Blitz,30000,34075,fixed_upgrade_price,25000,splash,Increases damage and adds an automatic emergency Bomb Storm when lives would be lost.,https://raw.githubusercontent.com/hemisemidemipresent/cyberquincy/master/jsons/costs.json,https://raw.githubusercontent.com/Btd6ModHelper/btd6-game-data/main/textTable.json,https://raw.githubusercontent.com/Btd6ModHelper/btd6-game-data/main/Towers/BombShooter/BombShooter-005.json
tack_shooter_100,Tack Shooter,100,top,1,Faster Shooting,150,410,fixed_upgrade_price,,splash,Reduces the interval between tack volleys.,https://raw.githubusercontent.com/hemisemidemipresent/cyberquincy/master/jsons/costs.json,https://raw.githubusercontent.com/Btd6ModHelper/btd6-game-data/main/textTable.json,https://raw.githubusercontent.com/Btd6ModHelper/btd6-game-data/main/Towers/TackShooter/TackShooter-100.json
tack_shooter_200,Tack Shooter,200,top,2,Even Faster Shooting,220,630,fixed_upgrade_price,,splash,Further increases firing speed.,https://raw.githubusercontent.com/hemisemidemipresent/cyberquincy/master/jsons/costs.json,https://raw.githubusercontent.com/Btd6ModHelper/btd6-game-data/main/textTable.json,https://raw.githubusercontent.com/Btd6ModHelper/btd6-game-data/main/Towers/TackShooter/TackShooter-200.json
tack_shooter_300,Tack Shooter,300,top,3,Hot Shots,600,1230,fixed_upgrade_price,,splash,Adds damage and Lead popping to the tacks.,https://raw.githubusercontent.com/hemisemidemipresent/cyberquincy/master/jsons/costs.json,https://raw.githubusercontent.com/Btd6ModHelper/btd6-game-data/main/textTable.json,https://raw.githubusercontent.com/Btd6ModHelper/btd6-game-data/main/Towers/TackShooter/TackShooter-300.json
tack_shooter_400,Tack Shooter,400,top,4,Ring of Fire,3500,4730,fixed_upgrade_price,,splash,Replaces tack volleys with a circular fire attack.,https://raw.githubusercontent.com/hemisemidemipresent/cyberquincy/master/jsons/costs.json,https://raw.githubusercontent.com/Btd6ModHelper/btd6-game-data/main/textTable.json,https://raw.githubusercontent.com/Btd6ModHelper/btd6-game-data/main/Towers/TackShooter/TackShooter-400.json
tack_shooter_500,Tack Shooter,500,top,5,Inferno Ring,45500,50230,fixed_upgrade_price,,splash,Upgrades the fire attack for stronger area damage.,https://raw.githubusercontent.com/hemisemidemipresent/cyberquincy/master/jsons/costs.json,https://raw.githubusercontent.com/Btd6ModHelper/btd6-game-data/main/textTable.json,https://raw.githubusercontent.com/Btd6ModHelper/btd6-game-data/main/Towers/TackShooter/TackShooter-500.json
tack_shooter_010,Tack Shooter,010,middle,1,Long Range Tacks,100,360,fixed_upgrade_price,,splash,Increases attack range and tack travel distance.,https://raw.githubusercontent.com/hemisemidemipresent/cyberquincy/master/jsons/costs.json,https://raw.githubusercontent.com/Btd6ModHelper/btd6-game-data/main/textTable.json,https://raw.githubusercontent.com/Btd6ModHelper/btd6-game-data/main/Towers/TackShooter/TackShooter-010.json
tack_shooter_020,Tack Shooter,020,middle,2,Super Range Tacks,225,585,fixed_upgrade_price,,splash,Further increases range and pierce.,https://raw.githubusercontent.com/hemisemidemipresent/cyberquincy/master/jsons/costs.json,https://raw.githubusercontent.com/Btd6ModHelper/btd6-game-data/main/textTable.json,https://raw.githubusercontent.com/Btd6ModHelper/btd6-game-data/main/Towers/TackShooter/TackShooter-020.json
tack_shooter_030,Tack Shooter,030,middle,3,Blade Shooter,550,1135,fixed_upgrade_price,,splash,Uses high-pierce blades that can damage Frozen targets.,https://raw.githubusercontent.com/hemisemidemipresent/cyberquincy/master/jsons/costs.json,https://raw.githubusercontent.com/Btd6ModHelper/btd6-game-data/main/textTable.json,https://raw.githubusercontent.com/Btd6ModHelper/btd6-game-data/main/Towers/TackShooter/TackShooter-030.json
tack_shooter_040,Tack Shooter,040,middle,4,Blade Maelstrom,2700,3835,fixed_upgrade_price,,splash,Adds an activated radial blade barrage.,https://raw.githubusercontent.com/hemisemidemipresent/cyberquincy/master/jsons/costs.json,https://raw.githubusercontent.com/Btd6ModHelper/btd6-game-data/main/textTable.json,https://raw.githubusercontent.com/Btd6ModHelper/btd6-game-data/main/Towers/TackShooter/TackShooter-040.json
tack_shooter_050,Tack Shooter,050,middle,5,Super Maelstrom,15000,18835,fixed_upgrade_price,,splash,Strengthens the blade barrage and extends its duration.,https://raw.githubusercontent.com/hemisemidemipresent/cyberquincy/master/jsons/costs.json,https://raw.githubusercontent.com/Btd6ModHelper/btd6-game-data/main/textTable.json,https://raw.githubusercontent.com/Btd6ModHelper/btd6-game-data/main/Towers/TackShooter/TackShooter-050.json
tack_shooter_001,Tack Shooter,001,bottom,1,More Tacks,150,410,fixed_upgrade_price,,splash,Raises the volley to ten tacks; also improves Ring of Fire damage.,https://raw.githubusercontent.com/hemisemidemipresent/cyberquincy/master/jsons/costs.json,https://raw.githubusercontent.com/Btd6ModHelper/btd6-game-data/main/textTable.json,https://raw.githubusercontent.com/Btd6ModHelper/btd6-game-data/main/Towers/TackShooter/TackShooter-001.json
tack_shooter_002,Tack Shooter,002,bottom,2,Even More Tacks,150,560,fixed_upgrade_price,,splash,Raises the volley to twelve tacks and further improves Ring of Fire damage.,https://raw.githubusercontent.com/hemisemidemipresent/cyberquincy/master/jsons/costs.json,https://raw.githubusercontent.com/Btd6ModHelper/btd6-game-data/main/textTable.json,https://raw.githubusercontent.com/Btd6ModHelper/btd6-game-data/main/Towers/TackShooter/TackShooter-002.json
tack_shooter_003,Tack Shooter,003,bottom,3,Tack Sprayer,450,1010,fixed_upgrade_price,,rapid_fire,Fires sixteen higher-pierce tacks per volley.,https://raw.githubusercontent.com/hemisemidemipresent/cyberquincy/master/jsons/costs.json,https://raw.githubusercontent.com/Btd6ModHelper/btd6-game-data/main/textTable.json,https://raw.githubusercontent.com/Btd6ModHelper/btd6-game-data/main/Towers/TackShooter/TackShooter-003.json
tack_shooter_004,Tack Shooter,004,bottom,4,Overdrive,3200,4210,fixed_upgrade_price,,rapid_fire,Greatly increases tack firing speed.,https://raw.githubusercontent.com/hemisemidemipresent/cyberquincy/master/jsons/costs.json,https://raw.githubusercontent.com/Btd6ModHelper/btd6-game-data/main/textTable.json,https://raw.githubusercontent.com/Btd6ModHelper/btd6-game-data/main/Towers/TackShooter/TackShooter-004.json
tack_shooter_005,Tack Shooter,005,bottom,5,The Tack Zone,20000,24210,fixed_upgrade_price,,rapid_fire,Produces much denser tack volleys.,https://raw.githubusercontent.com/hemisemidemipresent/cyberquincy/master/jsons/costs.json,https://raw.githubusercontent.com/Btd6ModHelper/btd6-game-data/main/textTable.json,https://raw.githubusercontent.com/Btd6ModHelper/btd6-game-data/main/Towers/TackShooter/TackShooter-005.json
ice_monkey_100,Ice Monkey,100,top,1,Permafrost,150,550,fixed_upgrade_price,160,status,Leaves targets slowed after their freeze ends.,https://raw.githubusercontent.com/hemisemidemipresent/cyberquincy/master/jsons/costs.json,https://raw.githubusercontent.com/Btd6ModHelper/btd6-game-data/main/textTable.json,https://raw.githubusercontent.com/Btd6ModHelper/btd6-game-data/main/Towers/IceMonkey/IceMonkey-100.json
ice_monkey_200,Ice Monkey,200,top,2,Cold Snap,350,900,fixed_upgrade_price,500,status,Allows freezing and damaging Lead and Camo targets.,https://raw.githubusercontent.com/hemisemidemipresent/cyberquincy/master/jsons/costs.json,https://raw.githubusercontent.com/Btd6ModHelper/btd6-game-data/main/textTable.json,https://raw.githubusercontent.com/Btd6ModHelper/btd6-game-data/main/Towers/IceMonkey/IceMonkey-200.json
ice_monkey_300,Ice Monkey,300,top,3,Ice Shards,1500,2400,fixed_upgrade_price,2500,status,Removes Camo and Regrow; destroyed frozen targets release damaging shards.,https://raw.githubusercontent.com/hemisemidemipresent/cyberquincy/master/jsons/costs.json,https://raw.githubusercontent.com/Btd6ModHelper/btd6-game-data/main/textTable.json,https://raw.githubusercontent.com/Btd6ModHelper/btd6-game-data/main/Towers/IceMonkey/IceMonkey-300.json
ice_monkey_400,Ice Monkey,400,top,4,Embrittlement,2300,4700,fixed_upgrade_price,8250,status,Makes affected targets take extra damage and temporarily removes Lead immunity; can affect MOABs.,https://raw.githubusercontent.com/hemisemidemipresent/cyberquincy/master/jsons/costs.json,https://raw.githubusercontent.com/Btd6ModHelper/btd6-game-data/main/textTable.json,https://raw.githubusercontent.com/Btd6ModHelper/btd6-game-data/main/Towers/IceMonkey/IceMonkey-400.json
ice_monkey_500,Ice Monkey,500,top,5,Super Brittle,28000,32700,fixed_upgrade_price,25000,status,Strengthens damage vulnerability and the Ceramic-damaging shards.,https://raw.githubusercontent.com/hemisemidemipresent/cyberquincy/master/jsons/costs.json,https://raw.githubusercontent.com/Btd6ModHelper/btd6-game-data/main/textTable.json,https://raw.githubusercontent.com/Btd6ModHelper/btd6-game-data/main/Towers/IceMonkey/IceMonkey-500.json
ice_monkey_010,Ice Monkey,010,middle,1,Enhanced Freeze,200,600,fixed_upgrade_price,160,status,Increases attack speed and freeze duration.,https://raw.githubusercontent.com/hemisemidemipresent/cyberquincy/master/jsons/costs.json,https://raw.githubusercontent.com/Btd6ModHelper/btd6-game-data/main/textTable.json,https://raw.githubusercontent.com/Btd6ModHelper/btd6-game-data/main/Towers/IceMonkey/IceMonkey-010.json
ice_monkey_020,Ice Monkey,020,middle,2,Deep Freeze,300,900,fixed_upgrade_price,500,status,"Improves pierce, duration, and the number of frozen layers.",https://raw.githubusercontent.com/hemisemidemipresent/cyberquincy/master/jsons/costs.json,https://raw.githubusercontent.com/Btd6ModHelper/btd6-game-data/main/textTable.json,https://raw.githubusercontent.com/Btd6ModHelper/btd6-game-data/main/Towers/IceMonkey/IceMonkey-020.json
ice_monkey_030,Ice Monkey,030,middle,3,Arctic Wind,2750,3650,fixed_upgrade_price,2500,slow,Adds a slowing aura and freezes nearby water for tower placement.,https://raw.githubusercontent.com/hemisemidemipresent/cyberquincy/master/jsons/costs.json,https://raw.githubusercontent.com/Btd6ModHelper/btd6-game-data/main/textTable.json,https://raw.githubusercontent.com/Btd6ModHelper/btd6-game-data/main/Towers/IceMonkey/IceMonkey-030.json
ice_monkey_040,Ice Monkey,040,middle,4,Snowstorm,4750,8400,fixed_upgrade_price,8500,status,Adds a map-wide freeze ability that also slows eligible MOAB-class targets.,https://raw.githubusercontent.com/hemisemidemipresent/cyberquincy/master/jsons/costs.json,https://raw.githubusercontent.com/Btd6ModHelper/btd6-game-data/main/textTable.json,https://raw.githubusercontent.com/Btd6ModHelper/btd6-game-data/main/Towers/IceMonkey/IceMonkey-040.json
ice_monkey_050,Ice Monkey,050,middle,5,Absolute Zero,21000,29400,fixed_upgrade_price,27500,status,Adds brief global freezes to regular attacks and strengthens Snowstorm and Ice Monkey buffs.,https://raw.githubusercontent.com/hemisemidemipresent/cyberquincy/master/jsons/costs.json,https://raw.githubusercontent.com/Btd6ModHelper/btd6-game-data/main/textTable.json,https://raw.githubusercontent.com/Btd6ModHelper/btd6-game-data/main/Towers/IceMonkey/IceMonkey-050.json
ice_monkey_001,Ice Monkey,001,bottom,1,Larger Radius,150,550,fixed_upgrade_price,160,status,Increases the freeze radius.,https://raw.githubusercontent.com/hemisemidemipresent/cyberquincy/master/jsons/costs.json,https://raw.githubusercontent.com/Btd6ModHelper/btd6-game-data/main/textTable.json,https://raw.githubusercontent.com/Btd6ModHelper/btd6-game-data/main/Towers/IceMonkey/IceMonkey-001.json
ice_monkey_002,Ice Monkey,002,bottom,2,Re-Freeze,200,750,fixed_upgrade_price,500,status,Allows attacks to affect already-frozen targets.,https://raw.githubusercontent.com/hemisemidemipresent/cyberquincy/master/jsons/costs.json,https://raw.githubusercontent.com/Btd6ModHelper/btd6-game-data/main/textTable.json,https://raw.githubusercontent.com/Btd6ModHelper/btd6-game-data/main/Towers/IceMonkey/IceMonkey-002.json
ice_monkey_003,Ice Monkey,003,bottom,3,Cryo Cannon,1900,2650,fixed_upgrade_price,2500,slow,Replaces the short-range pulse with longer-range ice projectiles.,https://raw.githubusercontent.com/hemisemidemipresent/cyberquincy/master/jsons/costs.json,https://raw.githubusercontent.com/Btd6ModHelper/btd6-game-data/main/textTable.json,https://raw.githubusercontent.com/Btd6ModHelper/btd6-game-data/main/Towers/IceMonkey/IceMonkey-003.json
ice_monkey_004,Ice Monkey,004,bottom,4,Icicles,2750,5400,fixed_upgrade_price,9000,slow,Frozen targets damage nearby Bloons; attacks gain bonus MOAB damage.,https://raw.githubusercontent.com/hemisemidemipresent/cyberquincy/master/jsons/costs.json,https://raw.githubusercontent.com/Btd6ModHelper/btd6-game-data/main/textTable.json,https://raw.githubusercontent.com/Btd6ModHelper/btd6-game-data/main/Towers/IceMonkey/IceMonkey-004.json
ice_monkey_005,Ice Monkey,005,bottom,5,Icicle Impale,30000,35400,fixed_upgrade_price,30000,slow,Adds powerful icicles that damage and freeze or slow MOAB-class targets.,https://raw.githubusercontent.com/hemisemidemipresent/cyberquincy/master/jsons/costs.json,https://raw.githubusercontent.com/Btd6ModHelper/btd6-game-data/main/textTable.json,https://raw.githubusercontent.com/Btd6ModHelper/btd6-game-data/main/Towers/IceMonkey/IceMonkey-005.json
glue_gunner_100,Glue Gunner,100,top,1,Glue Soak,200,425,fixed_upgrade_price,,slow,Preserves glue through additional Bloon layers.,https://raw.githubusercontent.com/hemisemidemipresent/cyberquincy/master/jsons/costs.json,https://raw.githubusercontent.com/Btd6ModHelper/btd6-game-data/main/textTable.json,https://raw.githubusercontent.com/Btd6ModHelper/btd6-game-data/main/Towers/GlueGunner/GlueGunner-100.json
glue_gunner_200,Glue Gunner,200,top,2,Corrosive Glue,300,725,fixed_upgrade_price,,slow,Adds damage over time to glued targets.,https://raw.githubusercontent.com/hemisemidemipresent/cyberquincy/master/jsons/costs.json,https://raw.githubusercontent.com/Btd6ModHelper/btd6-game-data/main/textTable.json,https://raw.githubusercontent.com/Btd6ModHelper/btd6-game-data/main/Towers/GlueGunner/GlueGunner-200.json
glue_gunner_300,Glue Gunner,300,top,3,Bloon Dissolver,2000,2725,fixed_upgrade_price,,status,Improves corrosive damage and the number of targets glued per shot.,https://raw.githubusercontent.com/hemisemidemipresent/cyberquincy/master/jsons/costs.json,https://raw.githubusercontent.com/Btd6ModHelper/btd6-game-data/main/textTable.json,https://raw.githubusercontent.com/Btd6ModHelper/btd6-game-data/main/Towers/GlueGunner/GlueGunner-300.json
glue_gunner_400,Glue Gunner,400,top,4,Bloon Liquefier,5000,7725,fixed_upgrade_price,,status,Further increases corrosion and leaves damaging acid after a target is destroyed.,https://raw.githubusercontent.com/hemisemidemipresent/cyberquincy/master/jsons/costs.json,https://raw.githubusercontent.com/Btd6ModHelper/btd6-game-data/main/textTable.json,https://raw.githubusercontent.com/Btd6ModHelper/btd6-game-data/main/Towers/GlueGunner/GlueGunner-400.json
glue_gunner_500,Glue Gunner,500,top,5,The Bloon Solver,22500,30225,fixed_upgrade_price,,status,Upgrades the acid-damage path for sustained group damage.,https://raw.githubusercontent.com/hemisemidemipresent/cyberquincy/master/jsons/costs.json,https://raw.githubusercontent.com/Btd6ModHelper/btd6-game-data/main/textTable.json,https://raw.githubusercontent.com/Btd6ModHelper/btd6-game-data/main/Towers/GlueGunner/GlueGunner-500.json
glue_gunner_010,Glue Gunner,010,middle,1,Bigger Globs,100,325,fixed_upgrade_price,,slow,Glues two targets per shot.,https://raw.githubusercontent.com/hemisemidemipresent/cyberquincy/master/jsons/costs.json,https://raw.githubusercontent.com/Btd6ModHelper/btd6-game-data/main/textTable.json,https://raw.githubusercontent.com/Btd6ModHelper/btd6-game-data/main/Towers/GlueGunner/GlueGunner-010.json
glue_gunner_020,Glue Gunner,020,middle,2,Glue Splatter,970,1295,fixed_upgrade_price,,slow,Applies glue to a group of up to five targets.,https://raw.githubusercontent.com/hemisemidemipresent/cyberquincy/master/jsons/costs.json,https://raw.githubusercontent.com/Btd6ModHelper/btd6-game-data/main/textTable.json,https://raw.githubusercontent.com/Btd6ModHelper/btd6-game-data/main/Towers/GlueGunner/GlueGunner-020.json
glue_gunner_030,Glue Gunner,030,middle,3,Glue Hose,1950,3245,fixed_upgrade_price,,slow,Greatly increases glue firing speed and coverage.,https://raw.githubusercontent.com/hemisemidemipresent/cyberquincy/master/jsons/costs.json,https://raw.githubusercontent.com/Btd6ModHelper/btd6-game-data/main/textTable.json,https://raw.githubusercontent.com/Btd6ModHelper/btd6-game-data/main/Towers/GlueGunner/GlueGunner-030.json
glue_gunner_040,Glue Gunner,040,middle,4,Glue Strike,4000,7245,fixed_upgrade_price,,support,Adds a global glue ability that removes Lead immunity and increases damage taken.,https://raw.githubusercontent.com/hemisemidemipresent/cyberquincy/master/jsons/costs.json,https://raw.githubusercontent.com/Btd6ModHelper/btd6-game-data/main/textTable.json,https://raw.githubusercontent.com/Btd6ModHelper/btd6-game-data/main/Towers/GlueGunner/GlueGunner-040.json
glue_gunner_050,Glue Gunner,050,middle,5,Glue Storm,16000,23245,fixed_upgrade_price,,support,Applies the global glue effect repeatedly for twenty seconds.,https://raw.githubusercontent.com/hemisemidemipresent/cyberquincy/master/jsons/costs.json,https://raw.githubusercontent.com/Btd6ModHelper/btd6-game-data/main/textTable.json,https://raw.githubusercontent.com/Btd6ModHelper/btd6-game-data/main/Towers/GlueGunner/GlueGunner-050.json
glue_gunner_001,Glue Gunner,001,bottom,1,Stickier Glue,280,505,fixed_upgrade_price,,slow,Extends glue duration.,https://raw.githubusercontent.com/hemisemidemipresent/cyberquincy/master/jsons/costs.json,https://raw.githubusercontent.com/Btd6ModHelper/btd6-game-data/main/textTable.json,https://raw.githubusercontent.com/Btd6ModHelper/btd6-game-data/main/Towers/GlueGunner/GlueGunner-001.json
glue_gunner_002,Glue Gunner,002,bottom,2,Stronger Glue,400,905,fixed_upgrade_price,,slow,Increases the movement-speed reduction.,https://raw.githubusercontent.com/hemisemidemipresent/cyberquincy/master/jsons/costs.json,https://raw.githubusercontent.com/Btd6ModHelper/btd6-game-data/main/textTable.json,https://raw.githubusercontent.com/Btd6ModHelper/btd6-game-data/main/Towers/GlueGunner/GlueGunner-002.json
glue_gunner_003,Glue Gunner,003,bottom,3,MOAB Glue,3600,4505,fixed_upgrade_price,,slow,Allows glue to slow eligible MOAB-class targets.,https://raw.githubusercontent.com/hemisemidemipresent/cyberquincy/master/jsons/costs.json,https://raw.githubusercontent.com/Btd6ModHelper/btd6-game-data/main/textTable.json,https://raw.githubusercontent.com/Btd6ModHelper/btd6-game-data/main/Towers/GlueGunner/GlueGunner-003.json
glue_gunner_004,Glue Gunner,004,bottom,4,Relentless Glue,4000,8505,fixed_upgrade_price,,slow,Destroying a glued target stuns nearby Bloons.,https://raw.githubusercontent.com/hemisemidemipresent/cyberquincy/master/jsons/costs.json,https://raw.githubusercontent.com/Btd6ModHelper/btd6-game-data/main/textTable.json,https://raw.githubusercontent.com/Btd6ModHelper/btd6-game-data/main/Towers/GlueGunner/GlueGunner-004.json
glue_gunner_005,Glue Gunner,005,bottom,5,Super Glue,24000,32505,fixed_upgrade_price,,slow,Adds temporary immobilization to affected targets.,https://raw.githubusercontent.com/hemisemidemipresent/cyberquincy/master/jsons/costs.json,https://raw.githubusercontent.com/Btd6ModHelper/btd6-game-data/main/textTable.json,https://raw.githubusercontent.com/Btd6ModHelper/btd6-game-data/main/Towers/GlueGunner/GlueGunner-005.json
desperado_100,Desperado,100,top,1,Quickdraw,200,500,fixed_upgrade_price,,basic_dps,Increases attack speed against more distant targets.,https://raw.githubusercontent.com/hemisemidemipresent/cyberquincy/master/jsons/costs.json,https://raw.githubusercontent.com/Btd6ModHelper/btd6-game-data/main/textTable.json,https://raw.githubusercontent.com/Btd6ModHelper/btd6-game-data/main/Towers/Desperado/Desperado-100.json
desperado_200,Desperado,200,top,2,Standoff,200,700,fixed_upgrade_price,,basic_dps,Increases attack speed when fewer Bloons are within range.,https://raw.githubusercontent.com/hemisemidemipresent/cyberquincy/master/jsons/costs.json,https://raw.githubusercontent.com/Btd6ModHelper/btd6-game-data/main/textTable.json,https://raw.githubusercontent.com/Btd6ModHelper/btd6-game-data/main/Towers/Desperado/Desperado-200.json
desperado_300,Desperado,300,top,3,Big Iron,1200,1900,fixed_upgrade_price,,rapid_fire,"Uses a six-shot revolver, gains Lead popping, and strengthens the low-enemy-count speed bonus.",https://raw.githubusercontent.com/hemisemidemipresent/cyberquincy/master/jsons/costs.json,https://raw.githubusercontent.com/Btd6ModHelper/btd6-game-data/main/textTable.json,https://raw.githubusercontent.com/Btd6ModHelper/btd6-game-data/main/Towers/Desperado/Desperado-300.json
desperado_400,Desperado,400,top,4,Twin Sixes,5800,7700,fixed_upgrade_price,,rapid_fire,Adds a second revolver and increases damage.,https://raw.githubusercontent.com/hemisemidemipresent/cyberquincy/master/jsons/costs.json,https://raw.githubusercontent.com/Btd6ModHelper/btd6-game-data/main/textTable.json,https://raw.githubusercontent.com/Btd6ModHelper/btd6-game-data/main/Towers/Desperado/Desperado-400.json
desperado_500,Desperado,500,top,5,The Blazing Sun,16500,24200,fixed_upgrade_price,,rapid_fire,Further upgrades the dual-revolver attack; exact damage mechanics are not normalized here.,https://raw.githubusercontent.com/hemisemidemipresent/cyberquincy/master/jsons/costs.json,https://raw.githubusercontent.com/Btd6ModHelper/btd6-game-data/main/textTable.json,https://raw.githubusercontent.com/Btd6ModHelper/btd6-game-data/main/Towers/Desperado/Desperado-500.json
desperado_010,Desperado,010,middle,1,Eagle Eye,150,450,fixed_upgrade_price,,basic_dps,Adds Camo detection.,https://raw.githubusercontent.com/hemisemidemipresent/cyberquincy/master/jsons/costs.json,https://raw.githubusercontent.com/Btd6ModHelper/btd6-game-data/main/textTable.json,https://raw.githubusercontent.com/Btd6ModHelper/btd6-game-data/main/Towers/Desperado/Desperado-010.json
desperado_020,Desperado,020,middle,2,Bullseye,350,800,fixed_upgrade_price,,basic_dps,Adds critical hits whose chance increases with target distance.,https://raw.githubusercontent.com/hemisemidemipresent/cyberquincy/master/jsons/costs.json,https://raw.githubusercontent.com/Btd6ModHelper/btd6-game-data/main/textTable.json,https://raw.githubusercontent.com/Btd6ModHelper/btd6-game-data/main/Towers/Desperado/Desperado-020.json
desperado_030,Desperado,030,middle,3,Deadeye,3000,3800,fixed_upgrade_price,,sniper,"Adds a long-range, anti-Fortified rifle and the targeted Take Aim support ability.",https://raw.githubusercontent.com/hemisemidemipresent/cyberquincy/master/jsons/costs.json,https://raw.githubusercontent.com/Btd6ModHelper/btd6-game-data/main/textTable.json,https://raw.githubusercontent.com/Btd6ModHelper/btd6-game-data/main/Towers/Desperado/Desperado-030.json
desperado_040,Desperado,040,middle,4,Bounty Hunter,6000,9800,fixed_upgrade_price,,sniper,Adds Marked to Pop; marked targets take extra damage and yield extra cash.,https://raw.githubusercontent.com/hemisemidemipresent/cyberquincy/master/jsons/costs.json,https://raw.githubusercontent.com/Btd6ModHelper/btd6-game-data/main/textTable.json,https://raw.githubusercontent.com/Btd6ModHelper/btd6-game-data/main/Towers/Desperado/Desperado-040.json
desperado_050,Desperado,050,middle,5,Golden Justice,42000,51800,fixed_upgrade_price,,sniper,Upgrades the rifle for stronger multi-target damage.,https://raw.githubusercontent.com/hemisemidemipresent/cyberquincy/master/jsons/costs.json,https://raw.githubusercontent.com/Btd6ModHelper/btd6-game-data/main/textTable.json,https://raw.githubusercontent.com/Btd6ModHelper/btd6-game-data/main/Towers/Desperado/Desperado-050.json
desperado_001,Desperado,001,bottom,1,Wanderer,220,520,fixed_upgrade_price,,basic_dps,"Increases attack speed, with a smaller benefit when other Monkeys share the weapon's range.",https://raw.githubusercontent.com/hemisemidemipresent/cyberquincy/master/jsons/costs.json,https://raw.githubusercontent.com/Btd6ModHelper/btd6-game-data/main/textTable.json,https://raw.githubusercontent.com/Btd6ModHelper/btd6-game-data/main/Towers/Desperado/Desperado-001.json
desperado_002,Desperado,002,bottom,2,Nomad,280,800,fixed_upgrade_price,,basic_dps,Gains speed with more targets; losing lives can trigger temporary buffs and leak-related cash.,https://raw.githubusercontent.com/hemisemidemipresent/cyberquincy/master/jsons/costs.json,https://raw.githubusercontent.com/Btd6ModHelper/btd6-game-data/main/textTable.json,https://raw.githubusercontent.com/Btd6ModHelper/btd6-game-data/main/Towers/Desperado/Desperado-002.json
desperado_003,Desperado,003,bottom,3,Enforcer,2100,2900,fixed_upgrade_price,,splash,Adds a close-range shotgun with knockback.,https://raw.githubusercontent.com/hemisemidemipresent/cyberquincy/master/jsons/costs.json,https://raw.githubusercontent.com/Btd6ModHelper/btd6-game-data/main/textTable.json,https://raw.githubusercontent.com/Btd6ModHelper/btd6-game-data/main/Towers/Desperado/Desperado-003.json
desperado_004,Desperado,004,bottom,4,Avenger,9500,12400,fixed_upgrade_price,,splash,"Adds shotgun fragments, MOAB knockback, and a temporary life-loss protection effect.",https://raw.githubusercontent.com/hemisemidemipresent/cyberquincy/master/jsons/costs.json,https://raw.githubusercontent.com/Btd6ModHelper/btd6-game-data/main/textTable.json,https://raw.githubusercontent.com/Btd6ModHelper/btd6-game-data/main/Towers/Desperado/Desperado-004.json
desperado_005,Desperado,005,bottom,5,The Desert Phantom,31000,43400,fixed_upgrade_price,,splash,Further strengthens the shotgun path; exact secondary attack values are not normalized here.,https://raw.githubusercontent.com/hemisemidemipresent/cyberquincy/master/jsons/costs.json,https://raw.githubusercontent.com/Btd6ModHelper/btd6-game-data/main/textTable.json,https://raw.githubusercontent.com/Btd6ModHelper/btd6-game-data/main/Towers/Desperado/Desperado-005.json
sniper_monkey_100,Sniper Monkey,100,top,1,Full Metal Jacket,350,700,fixed_upgrade_price,,sniper,Raises bullet damage to four and allows bullets and shrapnel to damage Lead and Frozen targets.,https://raw.githubusercontent.com/hemisemidemipresent/cyberquincy/master/jsons/costs.json,https://raw.githubusercontent.com/Btd6ModHelper/btd6-game-data/main/textTable.json,https://raw.githubusercontent.com/Btd6ModHelper/btd6-game-data/main/Towers/SniperMonkey/SniperMonkey-100.json
sniper_monkey_200,Sniper Monkey,200,top,2,Large Calibre,1300,2000,fixed_upgrade_price,,sniper,Raises bullet damage to seven.,https://raw.githubusercontent.com/hemisemidemipresent/cyberquincy/master/jsons/costs.json,https://raw.githubusercontent.com/Btd6ModHelper/btd6-game-data/main/textTable.json,https://raw.githubusercontent.com/Btd6ModHelper/btd6-game-data/main/Towers/SniperMonkey/SniperMonkey-200.json
sniper_monkey_300,Sniper Monkey,300,top,3,Deadly Precision,2200,4200,fixed_upgrade_price,,tank_killer,Raises bullet damage to twenty and adds Ceramic damage.,https://raw.githubusercontent.com/hemisemidemipresent/cyberquincy/master/jsons/costs.json,https://raw.githubusercontent.com/Btd6ModHelper/btd6-game-data/main/textTable.json,https://raw.githubusercontent.com/Btd6ModHelper/btd6-game-data/main/Towers/SniperMonkey/SniperMonkey-300.json
sniper_monkey_400,Sniper Monkey,400,top,4,Maim MOAB,6300,10500,fixed_upgrade_price,,status,Adds high damage and temporary MOAB-class immobilization.,https://raw.githubusercontent.com/hemisemidemipresent/cyberquincy/master/jsons/costs.json,https://raw.githubusercontent.com/Btd6ModHelper/btd6-game-data/main/textTable.json,https://raw.githubusercontent.com/Btd6ModHelper/btd6-game-data/main/Towers/SniperMonkey/SniperMonkey-400.json
sniper_monkey_500,Sniper Monkey,500,top,5,Cripple MOAB,32000,42500,fixed_upgrade_price,,status,Extends immobilization and makes affected MOAB-class targets take extra damage.,https://raw.githubusercontent.com/hemisemidemipresent/cyberquincy/master/jsons/costs.json,https://raw.githubusercontent.com/Btd6ModHelper/btd6-game-data/main/textTable.json,https://raw.githubusercontent.com/Btd6ModHelper/btd6-game-data/main/Towers/SniperMonkey/SniperMonkey-500.json
sniper_monkey_010,Sniper Monkey,010,middle,1,Night Vision Goggles,250,600,fixed_upgrade_price,,sniper,Adds Camo detection and two bonus damage against Camo targets.,https://raw.githubusercontent.com/hemisemidemipresent/cyberquincy/master/jsons/costs.json,https://raw.githubusercontent.com/Btd6ModHelper/btd6-game-data/main/textTable.json,https://raw.githubusercontent.com/Btd6ModHelper/btd6-game-data/main/Towers/SniperMonkey/SniperMonkey-010.json
sniper_monkey_020,Sniper Monkey,020,middle,2,Shrapnel Shot,450,1050,fixed_upgrade_price,,sniper,Hits release a cone of damaging shrapnel.,https://raw.githubusercontent.com/hemisemidemipresent/cyberquincy/master/jsons/costs.json,https://raw.githubusercontent.com/Btd6ModHelper/btd6-game-data/main/textTable.json,https://raw.githubusercontent.com/Btd6ModHelper/btd6-game-data/main/Towers/SniperMonkey/SniperMonkey-020.json
sniper_monkey_030,Sniper Monkey,030,middle,3,Bouncing Bullet,2100,3150,fixed_upgrade_price,,splash,Bullets can bounce to two additional targets.,https://raw.githubusercontent.com/hemisemidemipresent/cyberquincy/master/jsons/costs.json,https://raw.githubusercontent.com/Btd6ModHelper/btd6-game-data/main/textTable.json,https://raw.githubusercontent.com/Btd6ModHelper/btd6-game-data/main/Towers/SniperMonkey/SniperMonkey-030.json
sniper_monkey_040,Sniper Monkey,040,middle,4,Supply Drop,7600,10750,fixed_upgrade_price,,economy,"Adds a cash-crate ability, Lead damage, and stronger shrapnel.",https://raw.githubusercontent.com/hemisemidemipresent/cyberquincy/master/jsons/costs.json,https://raw.githubusercontent.com/Btd6ModHelper/btd6-game-data/main/textTable.json,https://raw.githubusercontent.com/Btd6ModHelper/btd6-game-data/main/Towers/SniperMonkey/SniperMonkey-040.json
sniper_monkey_050,Sniper Monkey,050,middle,5,Elite Sniper,12000,22750,fixed_upgrade_price,,economy,"Improves cash drops, adds Elite targeting, and buffs other Snipers' attack speed.",https://raw.githubusercontent.com/hemisemidemipresent/cyberquincy/master/jsons/costs.json,https://raw.githubusercontent.com/Btd6ModHelper/btd6-game-data/main/textTable.json,https://raw.githubusercontent.com/Btd6ModHelper/btd6-game-data/main/Towers/SniperMonkey/SniperMonkey-050.json
sniper_monkey_001,Sniper Monkey,001,bottom,1,Fast Firing,450,800,fixed_upgrade_price,,sniper,Reduces the attack interval.,https://raw.githubusercontent.com/hemisemidemipresent/cyberquincy/master/jsons/costs.json,https://raw.githubusercontent.com/Btd6ModHelper/btd6-game-data/main/textTable.json,https://raw.githubusercontent.com/Btd6ModHelper/btd6-game-data/main/Towers/SniperMonkey/SniperMonkey-001.json
sniper_monkey_002,Sniper Monkey,002,bottom,2,Even Faster Firing,450,1250,fixed_upgrade_price,,sniper,Further reduces the attack interval.,https://raw.githubusercontent.com/hemisemidemipresent/cyberquincy/master/jsons/costs.json,https://raw.githubusercontent.com/Btd6ModHelper/btd6-game-data/main/textTable.json,https://raw.githubusercontent.com/Btd6ModHelper/btd6-game-data/main/Towers/SniperMonkey/SniperMonkey-002.json
sniper_monkey_003,Sniper Monkey,003,bottom,3,Semi-Automatic,2700,3950,fixed_upgrade_price,,rapid_fire,Triples firing speed relative to the previous tier.,https://raw.githubusercontent.com/hemisemidemipresent/cyberquincy/master/jsons/costs.json,https://raw.githubusercontent.com/Btd6ModHelper/btd6-game-data/main/textTable.json,https://raw.githubusercontent.com/Btd6ModHelper/btd6-game-data/main/Towers/SniperMonkey/SniperMonkey-003.json
sniper_monkey_004,Sniper Monkey,004,bottom,4,Full Auto Rifle,4100,8050,fixed_upgrade_price,,rapid_fire,Greatly increases sustained firing speed.,https://raw.githubusercontent.com/hemisemidemipresent/cyberquincy/master/jsons/costs.json,https://raw.githubusercontent.com/Btd6ModHelper/btd6-game-data/main/textTable.json,https://raw.githubusercontent.com/Btd6ModHelper/btd6-game-data/main/Towers/SniperMonkey/SniperMonkey-004.json
sniper_monkey_005,Sniper Monkey,005,bottom,5,Elite Defender,14900,22950,fixed_upgrade_price,,rapid_fire,Adds MOAB damage and attack-speed bonuses based on track progress and lost lives.,https://raw.githubusercontent.com/hemisemidemipresent/cyberquincy/master/jsons/costs.json,https://raw.githubusercontent.com/Btd6ModHelper/btd6-game-data/main/textTable.json,https://raw.githubusercontent.com/Btd6ModHelper/btd6-game-data/main/Towers/SniperMonkey/SniperMonkey-005.json
monkey_sub_100,Monkey Sub,100,top,1,Longer Range,130,455,fixed_upgrade_price,,basic_dps,Increases attack range.,https://raw.githubusercontent.com/hemisemidemipresent/cyberquincy/master/jsons/costs.json,https://raw.githubusercontent.com/Btd6ModHelper/btd6-game-data/main/textTable.json,https://raw.githubusercontent.com/Btd6ModHelper/btd6-game-data/main/Towers/MonkeySub/MonkeySub-100.json
monkey_sub_200,Monkey Sub,200,top,2,Advanced Intel,500,955,fixed_upgrade_price,,basic_dps,Can target within the detection ranges of other towers.,https://raw.githubusercontent.com/hemisemidemipresent/cyberquincy/master/jsons/costs.json,https://raw.githubusercontent.com/Btd6ModHelper/btd6-game-data/main/textTable.json,https://raw.githubusercontent.com/Btd6ModHelper/btd6-game-data/main/Towers/MonkeySub/MonkeySub-200.json
monkey_sub_300,Monkey Sub,300,top,3,Submerge and Support,700,1655,fixed_upgrade_price,,support,Adds a submerged mode that removes Camo instead of firing darts.,https://raw.githubusercontent.com/hemisemidemipresent/cyberquincy/master/jsons/costs.json,https://raw.githubusercontent.com/Btd6ModHelper/btd6-game-data/main/textTable.json,https://raw.githubusercontent.com/Btd6ModHelper/btd6-game-data/main/Towers/MonkeySub/MonkeySub-300.json
monkey_sub_400,Monkey Sub,400,top,4,Bloontonium Reactor,2400,4055,fixed_upgrade_price,,splash,Submerged pulses deal damage and reduce nearby water-tower ability cooldowns.,https://raw.githubusercontent.com/hemisemidemipresent/cyberquincy/master/jsons/costs.json,https://raw.githubusercontent.com/Btd6ModHelper/btd6-game-data/main/textTable.json,https://raw.githubusercontent.com/Btd6ModHelper/btd6-game-data/main/Towers/MonkeySub/MonkeySub-400.json
monkey_sub_500,Monkey Sub,500,top,5,Energizer,28000,32055,fixed_upgrade_price,,support,Improves ability cooldowns globally and increases Hero experience gained in range.,https://raw.githubusercontent.com/hemisemidemipresent/cyberquincy/master/jsons/costs.json,https://raw.githubusercontent.com/Btd6ModHelper/btd6-game-data/main/textTable.json,https://raw.githubusercontent.com/Btd6ModHelper/btd6-game-data/main/Towers/MonkeySub/MonkeySub-500.json
monkey_sub_010,Monkey Sub,010,middle,1,Barbed Darts,450,775,fixed_upgrade_price,,basic_dps,Adds three dart pierce and improves other weapons' pierce.,https://raw.githubusercontent.com/hemisemidemipresent/cyberquincy/master/jsons/costs.json,https://raw.githubusercontent.com/Btd6ModHelper/btd6-game-data/main/textTable.json,https://raw.githubusercontent.com/Btd6ModHelper/btd6-game-data/main/Towers/MonkeySub/MonkeySub-010.json
monkey_sub_020,Monkey Sub,020,middle,2,Heat-tipped Darts,300,1075,fixed_upgrade_price,,basic_dps,Allows darts to damage Lead and Frozen targets.,https://raw.githubusercontent.com/hemisemidemipresent/cyberquincy/master/jsons/costs.json,https://raw.githubusercontent.com/Btd6ModHelper/btd6-game-data/main/textTable.json,https://raw.githubusercontent.com/Btd6ModHelper/btd6-game-data/main/Towers/MonkeySub/MonkeySub-020.json
monkey_sub_030,Monkey Sub,030,middle,3,Ballistic Missile,1350,2425,fixed_upgrade_price,,tank_killer,Adds missiles that cross obstacles and deal bonus MOAB and Ceramic damage.,https://raw.githubusercontent.com/hemisemidemipresent/cyberquincy/master/jsons/costs.json,https://raw.githubusercontent.com/Btd6ModHelper/btd6-game-data/main/textTable.json,https://raw.githubusercontent.com/Btd6ModHelper/btd6-game-data/main/Towers/MonkeySub/MonkeySub-030.json
monkey_sub_040,Monkey Sub,040,middle,4,First Strike Capability,13000,15425,fixed_upgrade_price,,tank_killer,Adds a large missile ability that targets the strongest Bloon and deals splash damage.,https://raw.githubusercontent.com/hemisemidemipresent/cyberquincy/master/jsons/costs.json,https://raw.githubusercontent.com/Btd6ModHelper/btd6-game-data/main/textTable.json,https://raw.githubusercontent.com/Btd6ModHelper/btd6-game-data/main/Towers/MonkeySub/MonkeySub-040.json
monkey_sub_050,Monkey Sub,050,middle,5,Pre-emptive Strike,29000,44425,fixed_upgrade_price,,tank_killer,Automatically strikes MOAB-class targets when they enter the map.,https://raw.githubusercontent.com/hemisemidemipresent/cyberquincy/master/jsons/costs.json,https://raw.githubusercontent.com/Btd6ModHelper/btd6-game-data/main/textTable.json,https://raw.githubusercontent.com/Btd6ModHelper/btd6-game-data/main/Towers/MonkeySub/MonkeySub-050.json
monkey_sub_001,Monkey Sub,001,bottom,1,Twin Guns,450,775,fixed_upgrade_price,,basic_dps,Increases dart and other weapon attack speed.,https://raw.githubusercontent.com/hemisemidemipresent/cyberquincy/master/jsons/costs.json,https://raw.githubusercontent.com/Btd6ModHelper/btd6-game-data/main/textTable.json,https://raw.githubusercontent.com/Btd6ModHelper/btd6-game-data/main/Towers/MonkeySub/MonkeySub-001.json
monkey_sub_002,Monkey Sub,002,bottom,2,Airburst Darts,1000,1775,fixed_upgrade_price,,basic_dps,Darts split into three projectiles on impact.,https://raw.githubusercontent.com/hemisemidemipresent/cyberquincy/master/jsons/costs.json,https://raw.githubusercontent.com/Btd6ModHelper/btd6-game-data/main/textTable.json,https://raw.githubusercontent.com/Btd6ModHelper/btd6-game-data/main/Towers/MonkeySub/MonkeySub-002.json
monkey_sub_003,Monkey Sub,003,bottom,3,Triple Guns,1100,2875,fixed_upgrade_price,,rapid_fire,Further increases firing speed.,https://raw.githubusercontent.com/hemisemidemipresent/cyberquincy/master/jsons/costs.json,https://raw.githubusercontent.com/Btd6ModHelper/btd6-game-data/main/textTable.json,https://raw.githubusercontent.com/Btd6ModHelper/btd6-game-data/main/Towers/MonkeySub/MonkeySub-003.json
monkey_sub_004,Monkey Sub,004,bottom,4,Armor Piercing Darts,2500,5375,fixed_upgrade_price,,rapid_fire,"Improves damage and pierce, with bonuses against Fortified and MOAB-class targets.",https://raw.githubusercontent.com/hemisemidemipresent/cyberquincy/master/jsons/costs.json,https://raw.githubusercontent.com/Btd6ModHelper/btd6-game-data/main/textTable.json,https://raw.githubusercontent.com/Btd6ModHelper/btd6-game-data/main/Towers/MonkeySub/MonkeySub-004.json
monkey_sub_005,Monkey Sub,005,bottom,5,Sub Commander,25000,30375,fixed_upgrade_price,,rapid_fire,Increases its own damage and pierce and buffs nearby Subs.,https://raw.githubusercontent.com/hemisemidemipresent/cyberquincy/master/jsons/costs.json,https://raw.githubusercontent.com/Btd6ModHelper/btd6-game-data/main/textTable.json,https://raw.githubusercontent.com/Btd6ModHelper/btd6-game-data/main/Towers/MonkeySub/MonkeySub-005.json
monkey_buccaneer_100,Monkey Buccaneer,100,top,1,Faster Shooting,275,675,fixed_upgrade_price,,basic_dps,Increases the firing speed of ship weapons.,https://raw.githubusercontent.com/hemisemidemipresent/cyberquincy/master/jsons/costs.json,https://raw.githubusercontent.com/Btd6ModHelper/btd6-game-data/main/textTable.json,https://raw.githubusercontent.com/Btd6ModHelper/btd6-game-data/main/Towers/MonkeyBuccaneer/MonkeyBuccaneer-100.json
monkey_buccaneer_200,Monkey Buccaneer,200,top,2,Double Shot,425,1100,fixed_upgrade_price,,basic_dps,Increases the number of projectiles fired.,https://raw.githubusercontent.com/hemisemidemipresent/cyberquincy/master/jsons/costs.json,https://raw.githubusercontent.com/Btd6ModHelper/btd6-game-data/main/textTable.json,https://raw.githubusercontent.com/Btd6ModHelper/btd6-game-data/main/Towers/MonkeyBuccaneer/MonkeyBuccaneer-200.json
monkey_buccaneer_300,Monkey Buccaneer,300,top,3,Destroyer,3350,4450,fixed_upgrade_price,,rapid_fire,Greatly increases firing speed.,https://raw.githubusercontent.com/hemisemidemipresent/cyberquincy/master/jsons/costs.json,https://raw.githubusercontent.com/Btd6ModHelper/btd6-game-data/main/textTable.json,https://raw.githubusercontent.com/Btd6ModHelper/btd6-game-data/main/Towers/MonkeyBuccaneer/MonkeyBuccaneer-300.json
monkey_buccaneer_400,Monkey Buccaneer,400,top,4,Aircraft Carrier,8000,12450,fixed_upgrade_price,,summoner,Launches fighter planes with dart attacks and anti-MOAB missiles.,https://raw.githubusercontent.com/hemisemidemipresent/cyberquincy/master/jsons/costs.json,https://raw.githubusercontent.com/Btd6ModHelper/btd6-game-data/main/textTable.json,https://raw.githubusercontent.com/Btd6ModHelper/btd6-game-data/main/Towers/MonkeyBuccaneer/MonkeyBuccaneer-400.json
monkey_buccaneer_500,Monkey Buccaneer,500,top,5,Carrier Flagship,26000,38450,fixed_upgrade_price,,summoner,"Improves aircraft, adds land-tower platforms, and buffs water towers and Monkey Aces.",https://raw.githubusercontent.com/hemisemidemipresent/cyberquincy/master/jsons/costs.json,https://raw.githubusercontent.com/Btd6ModHelper/btd6-game-data/main/textTable.json,https://raw.githubusercontent.com/Btd6ModHelper/btd6-game-data/main/Towers/MonkeyBuccaneer/MonkeyBuccaneer-500.json
monkey_buccaneer_010,Monkey Buccaneer,010,middle,1,Grape Shot,550,950,fixed_upgrade_price,,basic_dps,Adds a five-projectile grape attack.,https://raw.githubusercontent.com/hemisemidemipresent/cyberquincy/master/jsons/costs.json,https://raw.githubusercontent.com/Btd6ModHelper/btd6-game-data/main/textTable.json,https://raw.githubusercontent.com/Btd6ModHelper/btd6-game-data/main/Towers/MonkeyBuccaneer/MonkeyBuccaneer-010.json
monkey_buccaneer_020,Monkey Buccaneer,020,middle,2,Hot Shot,500,1450,fixed_upgrade_price,,basic_dps,Grapes ignite targets and damage Lead.,https://raw.githubusercontent.com/hemisemidemipresent/cyberquincy/master/jsons/costs.json,https://raw.githubusercontent.com/Btd6ModHelper/btd6-game-data/main/textTable.json,https://raw.githubusercontent.com/Btd6ModHelper/btd6-game-data/main/Towers/MonkeyBuccaneer/MonkeyBuccaneer-020.json
monkey_buccaneer_030,Monkey Buccaneer,030,middle,3,Cannon Ship,900,2350,fixed_upgrade_price,,splash,Adds explosive cannon attacks.,https://raw.githubusercontent.com/hemisemidemipresent/cyberquincy/master/jsons/costs.json,https://raw.githubusercontent.com/Btd6ModHelper/btd6-game-data/main/textTable.json,https://raw.githubusercontent.com/Btd6ModHelper/btd6-game-data/main/Towers/MonkeyBuccaneer/MonkeyBuccaneer-030.json
monkey_buccaneer_040,Monkey Buccaneer,040,middle,4,Monkey Pirates,3900,6250,fixed_upgrade_price,,tank_killer,Adds cannons and the MOAB Takedown harpoon ability.,https://raw.githubusercontent.com/hemisemidemipresent/cyberquincy/master/jsons/costs.json,https://raw.githubusercontent.com/Btd6ModHelper/btd6-game-data/main/textTable.json,https://raw.githubusercontent.com/Btd6ModHelper/btd6-game-data/main/Towers/MonkeyBuccaneer/MonkeyBuccaneer-040.json
monkey_buccaneer_050,Monkey Buccaneer,050,middle,5,Pirate Lord,29000,35250,fixed_upgrade_price,,tank_killer,Strengthens the ship and harpoon ability; captured targets yield extra cash.,https://raw.githubusercontent.com/hemisemidemipresent/cyberquincy/master/jsons/costs.json,https://raw.githubusercontent.com/Btd6ModHelper/btd6-game-data/main/textTable.json,https://raw.githubusercontent.com/Btd6ModHelper/btd6-game-data/main/Towers/MonkeyBuccaneer/MonkeyBuccaneer-050.json
monkey_buccaneer_001,Monkey Buccaneer,001,bottom,1,Long Range,200,600,fixed_upgrade_price,,basic_dps,"Increases range, projectile speed, and pierce.",https://raw.githubusercontent.com/hemisemidemipresent/cyberquincy/master/jsons/costs.json,https://raw.githubusercontent.com/Btd6ModHelper/btd6-game-data/main/textTable.json,https://raw.githubusercontent.com/Btd6ModHelper/btd6-game-data/main/Towers/MonkeyBuccaneer/MonkeyBuccaneer-001.json
monkey_buccaneer_002,Monkey Buccaneer,002,bottom,2,Crow's Nest,350,950,fixed_upgrade_price,,basic_dps,Adds Camo detection.,https://raw.githubusercontent.com/hemisemidemipresent/cyberquincy/master/jsons/costs.json,https://raw.githubusercontent.com/Btd6ModHelper/btd6-game-data/main/textTable.json,https://raw.githubusercontent.com/Btd6ModHelper/btd6-game-data/main/Towers/MonkeyBuccaneer/MonkeyBuccaneer-002.json
monkey_buccaneer_003,Monkey Buccaneer,003,bottom,3,Merchantman,2400,3350,fixed_upgrade_price,,economy,Generates round-end income and gains damage when saved cash exceeds its threshold.,https://raw.githubusercontent.com/hemisemidemipresent/cyberquincy/master/jsons/costs.json,https://raw.githubusercontent.com/Btd6ModHelper/btd6-game-data/main/textTable.json,https://raw.githubusercontent.com/Btd6ModHelper/btd6-game-data/main/Towers/MonkeyBuccaneer/MonkeyBuccaneer-003.json
monkey_buccaneer_004,Monkey Buccaneer,004,bottom,4,Favored Trades,5500,8850,fixed_upgrade_price,,economy,Increases income and nearby sellback value; improves attacks at a higher saved-cash threshold.,https://raw.githubusercontent.com/hemisemidemipresent/cyberquincy/master/jsons/costs.json,https://raw.githubusercontent.com/Btd6ModHelper/btd6-game-data/main/textTable.json,https://raw.githubusercontent.com/Btd6ModHelper/btd6-game-data/main/Towers/MonkeyBuccaneer/MonkeyBuccaneer-004.json
monkey_buccaneer_005,Monkey Buccaneer,005,bottom,5,Trade Empire,23000,31850,fixed_upgrade_price,,economy,Improves income and buffs up to twenty Merchantmen.,https://raw.githubusercontent.com/hemisemidemipresent/cyberquincy/master/jsons/costs.json,https://raw.githubusercontent.com/Btd6ModHelper/btd6-game-data/main/textTable.json,https://raw.githubusercontent.com/Btd6ModHelper/btd6-game-data/main/Towers/MonkeyBuccaneer/MonkeyBuccaneer-005.json
monkey_ace_100,Monkey Ace,100,top,1,Rapid Fire,450,1250,fixed_upgrade_price,,splash,Increases dart firing speed.,https://raw.githubusercontent.com/hemisemidemipresent/cyberquincy/master/jsons/costs.json,https://raw.githubusercontent.com/Btd6ModHelper/btd6-game-data/main/textTable.json,https://raw.githubusercontent.com/Btd6ModHelper/btd6-game-data/main/Towers/MonkeyAce/MonkeyAce-100.json
monkey_ace_200,Monkey Ace,200,top,2,Lots More Darts,550,1800,fixed_upgrade_price,,splash,Fires twelve darts per volley.,https://raw.githubusercontent.com/hemisemidemipresent/cyberquincy/master/jsons/costs.json,https://raw.githubusercontent.com/Btd6ModHelper/btd6-game-data/main/textTable.json,https://raw.githubusercontent.com/Btd6ModHelper/btd6-game-data/main/Towers/MonkeyAce/MonkeyAce-200.json
monkey_ace_300,Monkey Ace,300,top,3,Fighter Plane,1000,2800,fixed_upgrade_price,,rapid_fire,Adds anti-MOAB missiles and increases flight speed.,https://raw.githubusercontent.com/hemisemidemipresent/cyberquincy/master/jsons/costs.json,https://raw.githubusercontent.com/Btd6ModHelper/btd6-game-data/main/textTable.json,https://raw.githubusercontent.com/Btd6ModHelper/btd6-game-data/main/Towers/MonkeyAce/MonkeyAce-300.json
monkey_ace_400,Monkey Ace,400,top,4,Operation: Dart Storm,3300,6100,fixed_upgrade_price,,rapid_fire,Fires sixteen darts per volley at a faster rate.,https://raw.githubusercontent.com/hemisemidemipresent/cyberquincy/master/jsons/costs.json,https://raw.githubusercontent.com/Btd6ModHelper/btd6-game-data/main/textTable.json,https://raw.githubusercontent.com/Btd6ModHelper/btd6-game-data/main/Towers/MonkeyAce/MonkeyAce-400.json
monkey_ace_500,Monkey Ace,500,top,5,Sky Shredder,42500,48600,fixed_upgrade_price,,rapid_fire,Upgrades the high-volume dart and anti-MOAB attack path.,https://raw.githubusercontent.com/hemisemidemipresent/cyberquincy/master/jsons/costs.json,https://raw.githubusercontent.com/Btd6ModHelper/btd6-game-data/main/textTable.json,https://raw.githubusercontent.com/Btd6ModHelper/btd6-game-data/main/Towers/MonkeyAce/MonkeyAce-500.json
monkey_ace_010,Monkey Ace,010,middle,1,Exploding Pineapple,200,1000,fixed_upgrade_price,,splash,Drops timed explosives and improves explosive attacks.,https://raw.githubusercontent.com/hemisemidemipresent/cyberquincy/master/jsons/costs.json,https://raw.githubusercontent.com/Btd6ModHelper/btd6-game-data/main/textTable.json,https://raw.githubusercontent.com/Btd6ModHelper/btd6-game-data/main/Towers/MonkeyAce/MonkeyAce-010.json
monkey_ace_020,Monkey Ace,020,middle,2,Spy Plane,350,1350,fixed_upgrade_price,,splash,Adds Camo detection and bonus damage against Camo targets.,https://raw.githubusercontent.com/hemisemidemipresent/cyberquincy/master/jsons/costs.json,https://raw.githubusercontent.com/Btd6ModHelper/btd6-game-data/main/textTable.json,https://raw.githubusercontent.com/Btd6ModHelper/btd6-game-data/main/Towers/MonkeyAce/MonkeyAce-020.json
monkey_ace_030,Monkey Ace,030,middle,3,Bomber Ace,900,2250,fixed_upgrade_price,,splash,Drops a line of bombs when crossing the track.,https://raw.githubusercontent.com/hemisemidemipresent/cyberquincy/master/jsons/costs.json,https://raw.githubusercontent.com/Btd6ModHelper/btd6-game-data/main/textTable.json,https://raw.githubusercontent.com/Btd6ModHelper/btd6-game-data/main/Towers/MonkeyAce/MonkeyAce-030.json
monkey_ace_040,Monkey Ace,040,middle,4,Ground Zero,16000,18250,fixed_upgrade_price,,splash,Adds a map-wide bomb ability and improves normal bombs.,https://raw.githubusercontent.com/hemisemidemipresent/cyberquincy/master/jsons/costs.json,https://raw.githubusercontent.com/Btd6ModHelper/btd6-game-data/main/textTable.json,https://raw.githubusercontent.com/Btd6ModHelper/btd6-game-data/main/Towers/MonkeyAce/MonkeyAce-040.json
monkey_ace_050,Monkey Ace,050,middle,5,Tsar Bomba,26000,44250,fixed_upgrade_price,,splash,Upgrades the map-wide bombing ability.,https://raw.githubusercontent.com/hemisemidemipresent/cyberquincy/master/jsons/costs.json,https://raw.githubusercontent.com/Btd6ModHelper/btd6-game-data/main/textTable.json,https://raw.githubusercontent.com/Btd6ModHelper/btd6-game-data/main/Towers/MonkeyAce/MonkeyAce-050.json
monkey_ace_001,Monkey Ace,001,bottom,1,Sharper Darts,500,1300,fixed_upgrade_price,,splash,Raises dart pierce to eight.,https://raw.githubusercontent.com/hemisemidemipresent/cyberquincy/master/jsons/costs.json,https://raw.githubusercontent.com/Btd6ModHelper/btd6-game-data/main/textTable.json,https://raw.githubusercontent.com/Btd6ModHelper/btd6-game-data/main/Towers/MonkeyAce/MonkeyAce-001.json
monkey_ace_002,Monkey Ace,002,bottom,2,Centered Path,550,1850,fixed_upgrade_price,,splash,Adds a movable central flight pattern.,https://raw.githubusercontent.com/hemisemidemipresent/cyberquincy/master/jsons/costs.json,https://raw.githubusercontent.com/Btd6ModHelper/btd6-game-data/main/textTable.json,https://raw.githubusercontent.com/Btd6ModHelper/btd6-game-data/main/Towers/MonkeyAce/MonkeyAce-002.json
monkey_ace_003,Monkey Ace,003,bottom,3,Neva-Miss Targeting,2550,4400,fixed_upgrade_price,,splash,Adds homing to dart projectiles.,https://raw.githubusercontent.com/hemisemidemipresent/cyberquincy/master/jsons/costs.json,https://raw.githubusercontent.com/Btd6ModHelper/btd6-game-data/main/textTable.json,https://raw.githubusercontent.com/Btd6ModHelper/btd6-game-data/main/Towers/MonkeyAce/MonkeyAce-003.json
monkey_ace_004,Monkey Ace,004,bottom,4,Spectre,23400,27800,fixed_upgrade_price,,rapid_fire,Adds rapid targeted dart and bomb attacks.,https://raw.githubusercontent.com/hemisemidemipresent/cyberquincy/master/jsons/costs.json,https://raw.githubusercontent.com/Btd6ModHelper/btd6-game-data/main/textTable.json,https://raw.githubusercontent.com/Btd6ModHelper/btd6-game-data/main/Towers/MonkeyAce/MonkeyAce-004.json
monkey_ace_005,Monkey Ace,005,bottom,5,Flying Fortress,90000,117800,fixed_upgrade_price,,rapid_fire,Greatly increases the aircraft's sustained dart and bomb output.,https://raw.githubusercontent.com/hemisemidemipresent/cyberquincy/master/jsons/costs.json,https://raw.githubusercontent.com/Btd6ModHelper/btd6-game-data/main/textTable.json,https://raw.githubusercontent.com/Btd6ModHelper/btd6-game-data/main/Towers/MonkeyAce/MonkeyAce-005.json
heli_pilot_100,Heli Pilot,100,top,1,Quad Darts,800,2300,fixed_upgrade_price,,basic_dps,Fires four darts per volley instead of two.,https://raw.githubusercontent.com/hemisemidemipresent/cyberquincy/master/jsons/costs.json,https://raw.githubusercontent.com/Btd6ModHelper/btd6-game-data/main/textTable.json,https://raw.githubusercontent.com/Btd6ModHelper/btd6-game-data/main/Towers/HeliPilot/HeliPilot-100.json
heli_pilot_200,Heli Pilot,200,top,2,Pursuit,500,2800,fixed_upgrade_price,,basic_dps,Adds automatic pursuit of Bloons.,https://raw.githubusercontent.com/hemisemidemipresent/cyberquincy/master/jsons/costs.json,https://raw.githubusercontent.com/Btd6ModHelper/btd6-game-data/main/textTable.json,https://raw.githubusercontent.com/Btd6ModHelper/btd6-game-data/main/Towers/HeliPilot/HeliPilot-200.json
heli_pilot_300,Heli Pilot,300,top,3,Razor Rotors,1450,4250,fixed_upgrade_price,,rapid_fire,Adds contact damage that can affect Lead and Frozen targets.,https://raw.githubusercontent.com/hemisemidemipresent/cyberquincy/master/jsons/costs.json,https://raw.githubusercontent.com/Btd6ModHelper/btd6-game-data/main/textTable.json,https://raw.githubusercontent.com/Btd6ModHelper/btd6-game-data/main/Towers/HeliPilot/HeliPilot-300.json
heli_pilot_400,Heli Pilot,400,top,4,Apache Dartship,20000,24250,fixed_upgrade_price,,rapid_fire,Adds machine guns and a missile array.,https://raw.githubusercontent.com/hemisemidemipresent/cyberquincy/master/jsons/costs.json,https://raw.githubusercontent.com/Btd6ModHelper/btd6-game-data/main/textTable.json,https://raw.githubusercontent.com/Btd6ModHelper/btd6-game-data/main/Towers/HeliPilot/HeliPilot-400.json
heli_pilot_500,Heli Pilot,500,top,5,Apache Prime,45000,69250,fixed_upgrade_price,,rapid_fire,Upgrades the Apache's weapons for sustained damage.,https://raw.githubusercontent.com/hemisemidemipresent/cyberquincy/master/jsons/costs.json,https://raw.githubusercontent.com/Btd6ModHelper/btd6-game-data/main/textTable.json,https://raw.githubusercontent.com/Btd6ModHelper/btd6-game-data/main/Towers/HeliPilot/HeliPilot-500.json
heli_pilot_010,Heli Pilot,010,middle,1,Bigger Jets,300,1800,fixed_upgrade_price,,basic_dps,Increases helicopter movement speed.,https://raw.githubusercontent.com/hemisemidemipresent/cyberquincy/master/jsons/costs.json,https://raw.githubusercontent.com/Btd6ModHelper/btd6-game-data/main/textTable.json,https://raw.githubusercontent.com/Btd6ModHelper/btd6-game-data/main/Towers/HeliPilot/HeliPilot-010.json
heli_pilot_020,Heli Pilot,020,middle,2,IFR,600,2400,fixed_upgrade_price,,basic_dps,Adds Camo detection.,https://raw.githubusercontent.com/hemisemidemipresent/cyberquincy/master/jsons/costs.json,https://raw.githubusercontent.com/Btd6ModHelper/btd6-game-data/main/textTable.json,https://raw.githubusercontent.com/Btd6ModHelper/btd6-game-data/main/Towers/HeliPilot/HeliPilot-020.json
heli_pilot_030,Heli Pilot,030,middle,3,Downdraft,3500,5900,fixed_upgrade_price,,slow,Pushes ordinary Bloons back toward the entrance.,https://raw.githubusercontent.com/hemisemidemipresent/cyberquincy/master/jsons/costs.json,https://raw.githubusercontent.com/Btd6ModHelper/btd6-game-data/main/textTable.json,https://raw.githubusercontent.com/Btd6ModHelper/btd6-game-data/main/Towers/HeliPilot/HeliPilot-030.json
heli_pilot_040,Heli Pilot,040,middle,4,Support Chinook,9500,15400,fixed_upgrade_price,,support,"Adds supply drops, tower relocation, and stronger knockback.",https://raw.githubusercontent.com/hemisemidemipresent/cyberquincy/master/jsons/costs.json,https://raw.githubusercontent.com/Btd6ModHelper/btd6-game-data/main/textTable.json,https://raw.githubusercontent.com/Btd6ModHelper/btd6-game-data/main/Towers/HeliPilot/HeliPilot-040.json
heli_pilot_050,Heli Pilot,050,middle,5,Special Poperations,30000,45400,fixed_upgrade_price,,support,Adds a deployable Monkey Marine.,https://raw.githubusercontent.com/hemisemidemipresent/cyberquincy/master/jsons/costs.json,https://raw.githubusercontent.com/Btd6ModHelper/btd6-game-data/main/textTable.json,https://raw.githubusercontent.com/Btd6ModHelper/btd6-game-data/main/Towers/HeliPilot/HeliPilot-050.json
heli_pilot_001,Heli Pilot,001,bottom,1,Faster Firing,250,1750,fixed_upgrade_price,,basic_dps,Increases the firing speed of helicopter attacks.,https://raw.githubusercontent.com/hemisemidemipresent/cyberquincy/master/jsons/costs.json,https://raw.githubusercontent.com/Btd6ModHelper/btd6-game-data/main/textTable.json,https://raw.githubusercontent.com/Btd6ModHelper/btd6-game-data/main/Towers/HeliPilot/HeliPilot-001.json
heli_pilot_002,Heli Pilot,002,bottom,2,Faster Darts,350,2100,fixed_upgrade_price,,basic_dps,Increases dart travel speed.,https://raw.githubusercontent.com/hemisemidemipresent/cyberquincy/master/jsons/costs.json,https://raw.githubusercontent.com/Btd6ModHelper/btd6-game-data/main/textTable.json,https://raw.githubusercontent.com/Btd6ModHelper/btd6-game-data/main/Towers/HeliPilot/HeliPilot-002.json
heli_pilot_003,Heli Pilot,003,bottom,3,MOAB Shove,3400,5500,fixed_upgrade_price,,slow,Slows or pushes MOAB-class targets through contact.,https://raw.githubusercontent.com/hemisemidemipresent/cyberquincy/master/jsons/costs.json,https://raw.githubusercontent.com/Btd6ModHelper/btd6-game-data/main/textTable.json,https://raw.githubusercontent.com/Btd6ModHelper/btd6-game-data/main/Towers/HeliPilot/HeliPilot-003.json
heli_pilot_004,Heli Pilot,004,bottom,4,Comanche Defense,8500,14000,fixed_upgrade_price,,summoner,Calls temporary smaller helicopters when pressure increases.,https://raw.githubusercontent.com/hemisemidemipresent/cyberquincy/master/jsons/costs.json,https://raw.githubusercontent.com/Btd6ModHelper/btd6-game-data/main/textTable.json,https://raw.githubusercontent.com/Btd6ModHelper/btd6-game-data/main/Towers/HeliPilot/HeliPilot-004.json
heli_pilot_005,Heli Pilot,005,bottom,5,Comanche Commander,35000,49000,fixed_upgrade_price,,summoner,Adds three permanent supporting helicopters and stronger weapons.,https://raw.githubusercontent.com/hemisemidemipresent/cyberquincy/master/jsons/costs.json,https://raw.githubusercontent.com/Btd6ModHelper/btd6-game-data/main/textTable.json,https://raw.githubusercontent.com/Btd6ModHelper/btd6-game-data/main/Towers/HeliPilot/HeliPilot-005.json
mortar_monkey_100,Mortar Monkey,100,top,1,Bigger Blast,300,900,fixed_upgrade_price,,splash,Increases explosion radius.,https://raw.githubusercontent.com/hemisemidemipresent/cyberquincy/master/jsons/costs.json,https://raw.githubusercontent.com/Btd6ModHelper/btd6-game-data/main/textTable.json,https://raw.githubusercontent.com/Btd6ModHelper/btd6-game-data/main/Towers/MortarMonkey/MortarMonkey-100.json
mortar_monkey_200,Mortar Monkey,200,top,2,Bloon Buster,500,1400,fixed_upgrade_price,,splash,Raises explosion damage to three.,https://raw.githubusercontent.com/hemisemidemipresent/cyberquincy/master/jsons/costs.json,https://raw.githubusercontent.com/Btd6ModHelper/btd6-game-data/main/textTable.json,https://raw.githubusercontent.com/Btd6ModHelper/btd6-game-data/main/Towers/MortarMonkey/MortarMonkey-200.json
mortar_monkey_300,Mortar Monkey,300,top,3,Shell Shock,825,2225,fixed_upgrade_price,,splash,Adds an impact stun and a wider shockwave; also improves Burny Stuff.,https://raw.githubusercontent.com/hemisemidemipresent/cyberquincy/master/jsons/costs.json,https://raw.githubusercontent.com/Btd6ModHelper/btd6-game-data/main/textTable.json,https://raw.githubusercontent.com/Btd6ModHelper/btd6-game-data/main/Towers/MortarMonkey/MortarMonkey-300.json
mortar_monkey_400,Mortar Monkey,400,top,4,The Big One,7000,9225,fixed_upgrade_price,,splash,Adds much higher explosion damage and improves Burny Stuff.,https://raw.githubusercontent.com/hemisemidemipresent/cyberquincy/master/jsons/costs.json,https://raw.githubusercontent.com/Btd6ModHelper/btd6-game-data/main/textTable.json,https://raw.githubusercontent.com/Btd6ModHelper/btd6-game-data/main/Towers/MortarMonkey/MortarMonkey-400.json
mortar_monkey_500,Mortar Monkey,500,top,5,The Biggest One,36000,45225,fixed_upgrade_price,,splash,Expands explosion damage and area and strengthens burn damage.,https://raw.githubusercontent.com/hemisemidemipresent/cyberquincy/master/jsons/costs.json,https://raw.githubusercontent.com/Btd6ModHelper/btd6-game-data/main/textTable.json,https://raw.githubusercontent.com/Btd6ModHelper/btd6-game-data/main/Towers/MortarMonkey/MortarMonkey-500.json
mortar_monkey_010,Mortar Monkey,010,middle,1,Faster Reload,400,1000,fixed_upgrade_price,,splash,Reduces reload time.,https://raw.githubusercontent.com/hemisemidemipresent/cyberquincy/master/jsons/costs.json,https://raw.githubusercontent.com/Btd6ModHelper/btd6-game-data/main/textTable.json,https://raw.githubusercontent.com/Btd6ModHelper/btd6-game-data/main/Towers/MortarMonkey/MortarMonkey-010.json
mortar_monkey_020,Mortar Monkey,020,middle,2,Rapid Reload,500,1500,fixed_upgrade_price,,splash,Further reduces reload time.,https://raw.githubusercontent.com/hemisemidemipresent/cyberquincy/master/jsons/costs.json,https://raw.githubusercontent.com/Btd6ModHelper/btd6-game-data/main/textTable.json,https://raw.githubusercontent.com/Btd6ModHelper/btd6-game-data/main/Towers/MortarMonkey/MortarMonkey-020.json
mortar_monkey_030,Mortar Monkey,030,middle,3,Heavy Shells,900,2400,fixed_upgrade_price,,splash,Adds damage against several tough target types and allows Black Bloon popping.,https://raw.githubusercontent.com/hemisemidemipresent/cyberquincy/master/jsons/costs.json,https://raw.githubusercontent.com/Btd6ModHelper/btd6-game-data/main/textTable.json,https://raw.githubusercontent.com/Btd6ModHelper/btd6-game-data/main/Towers/MortarMonkey/MortarMonkey-030.json
mortar_monkey_040,Mortar Monkey,040,middle,4,Artillery Battery,6500,8900,fixed_upgrade_price,,rapid_fire,Adds three-barrel firing and a temporary Bombardment speed ability.,https://raw.githubusercontent.com/hemisemidemipresent/cyberquincy/master/jsons/costs.json,https://raw.githubusercontent.com/Btd6ModHelper/btd6-game-data/main/textTable.json,https://raw.githubusercontent.com/Btd6ModHelper/btd6-game-data/main/Towers/MortarMonkey/MortarMonkey-040.json
mortar_monkey_050,Mortar Monkey,050,middle,5,Pop and Awe,38000,46900,fixed_upgrade_price,,status,Adds sustained rapid fire and a global damaging stun ability.,https://raw.githubusercontent.com/hemisemidemipresent/cyberquincy/master/jsons/costs.json,https://raw.githubusercontent.com/Btd6ModHelper/btd6-game-data/main/textTable.json,https://raw.githubusercontent.com/Btd6ModHelper/btd6-game-data/main/Towers/MortarMonkey/MortarMonkey-050.json
mortar_monkey_001,Mortar Monkey,001,bottom,1,Increased Accuracy,200,800,fixed_upgrade_price,,splash,Reduces shot spread and allows hits on Camo targets.,https://raw.githubusercontent.com/hemisemidemipresent/cyberquincy/master/jsons/costs.json,https://raw.githubusercontent.com/Btd6ModHelper/btd6-game-data/main/textTable.json,https://raw.githubusercontent.com/Btd6ModHelper/btd6-game-data/main/Towers/MortarMonkey/MortarMonkey-001.json
mortar_monkey_002,Mortar Monkey,002,bottom,2,Burny Stuff,400,1200,fixed_upgrade_price,,splash,Applies damage over time to hit targets.,https://raw.githubusercontent.com/hemisemidemipresent/cyberquincy/master/jsons/costs.json,https://raw.githubusercontent.com/Btd6ModHelper/btd6-game-data/main/textTable.json,https://raw.githubusercontent.com/Btd6ModHelper/btd6-game-data/main/Towers/MortarMonkey/MortarMonkey-002.json
mortar_monkey_003,Mortar Monkey,003,bottom,3,Signal Flare,1100,2300,fixed_upgrade_price,,support,Removes Camo from affected targets.,https://raw.githubusercontent.com/hemisemidemipresent/cyberquincy/master/jsons/costs.json,https://raw.githubusercontent.com/Btd6ModHelper/btd6-game-data/main/textTable.json,https://raw.githubusercontent.com/Btd6ModHelper/btd6-game-data/main/Towers/MortarMonkey/MortarMonkey-003.json
mortar_monkey_004,Mortar Monkey,004,bottom,4,Shattering Shells,9500,11800,fixed_upgrade_price,,status,Removes eligible special properties and improves burn damage against MOAB-class targets.,https://raw.githubusercontent.com/hemisemidemipresent/cyberquincy/master/jsons/costs.json,https://raw.githubusercontent.com/Btd6ModHelper/btd6-game-data/main/textTable.json,https://raw.githubusercontent.com/Btd6ModHelper/btd6-game-data/main/Towers/MortarMonkey/MortarMonkey-004.json
mortar_monkey_005,Mortar Monkey,005,bottom,5,Blooncineration,40000,51800,fixed_upgrade_price,,status,Upgrades the anti-MOAB burn attack.,https://raw.githubusercontent.com/hemisemidemipresent/cyberquincy/master/jsons/costs.json,https://raw.githubusercontent.com/Btd6ModHelper/btd6-game-data/main/textTable.json,https://raw.githubusercontent.com/Btd6ModHelper/btd6-game-data/main/Towers/MortarMonkey/MortarMonkey-005.json
dartling_gunner_100,Dartling Gunner,100,top,1,Focused Firing,300,1150,fixed_upgrade_price,,rapid_fire,Reduces firing spread.,https://raw.githubusercontent.com/hemisemidemipresent/cyberquincy/master/jsons/costs.json,https://raw.githubusercontent.com/Btd6ModHelper/btd6-game-data/main/textTable.json,https://raw.githubusercontent.com/Btd6ModHelper/btd6-game-data/main/Towers/DartlingGunner/DartlingGunner-100.json
dartling_gunner_200,Dartling Gunner,200,top,2,Laser Shock,900,2050,fixed_upgrade_price,,rapid_fire,Adds delayed damage after a hit.,https://raw.githubusercontent.com/hemisemidemipresent/cyberquincy/master/jsons/costs.json,https://raw.githubusercontent.com/Btd6ModHelper/btd6-game-data/main/textTable.json,https://raw.githubusercontent.com/Btd6ModHelper/btd6-game-data/main/Towers/DartlingGunner/DartlingGunner-200.json
dartling_gunner_300,Dartling Gunner,300,top,3,Laser Cannon,3000,5050,fixed_upgrade_price,,rapid_fire,Uses stronger laser projectiles with Frozen popping and bonus MOAB damage.,https://raw.githubusercontent.com/hemisemidemipresent/cyberquincy/master/jsons/costs.json,https://raw.githubusercontent.com/Btd6ModHelper/btd6-game-data/main/textTable.json,https://raw.githubusercontent.com/Btd6ModHelper/btd6-game-data/main/Towers/DartlingGunner/DartlingGunner-300.json
dartling_gunner_400,Dartling Gunner,400,top,4,Plasma Accelerator,11750,16800,fixed_upgrade_price,,rapid_fire,Focuses a damaging beam at the selected point.,https://raw.githubusercontent.com/hemisemidemipresent/cyberquincy/master/jsons/costs.json,https://raw.githubusercontent.com/Btd6ModHelper/btd6-game-data/main/textTable.json,https://raw.githubusercontent.com/Btd6ModHelper/btd6-game-data/main/Towers/DartlingGunner/DartlingGunner-400.json
dartling_gunner_500,Dartling Gunner,500,top,5,Ray of Doom,75000,91800,fixed_upgrade_price,,rapid_fire,Creates a continuous damaging beam across the firing line.,https://raw.githubusercontent.com/hemisemidemipresent/cyberquincy/master/jsons/costs.json,https://raw.githubusercontent.com/Btd6ModHelper/btd6-game-data/main/textTable.json,https://raw.githubusercontent.com/Btd6ModHelper/btd6-game-data/main/Towers/DartlingGunner/DartlingGunner-500.json
dartling_gunner_010,Dartling Gunner,010,middle,1,Advanced Targeting,250,1100,fixed_upgrade_price,,rapid_fire,Adds Camo detection.,https://raw.githubusercontent.com/hemisemidemipresent/cyberquincy/master/jsons/costs.json,https://raw.githubusercontent.com/Btd6ModHelper/btd6-game-data/main/textTable.json,https://raw.githubusercontent.com/Btd6ModHelper/btd6-game-data/main/Towers/DartlingGunner/DartlingGunner-010.json
dartling_gunner_020,Dartling Gunner,020,middle,2,Faster Barrel Spin,950,2050,fixed_upgrade_price,,rapid_fire,Increases firing speed.,https://raw.githubusercontent.com/hemisemidemipresent/cyberquincy/master/jsons/costs.json,https://raw.githubusercontent.com/Btd6ModHelper/btd6-game-data/main/textTable.json,https://raw.githubusercontent.com/Btd6ModHelper/btd6-game-data/main/Towers/DartlingGunner/DartlingGunner-020.json
dartling_gunner_030,Dartling Gunner,030,middle,3,Hydra Rocket Pods,4500,6550,fixed_upgrade_price,,splash,Uses rockets with repeated explosions and broad damage-type coverage.,https://raw.githubusercontent.com/hemisemidemipresent/cyberquincy/master/jsons/costs.json,https://raw.githubusercontent.com/Btd6ModHelper/btd6-game-data/main/textTable.json,https://raw.githubusercontent.com/Btd6ModHelper/btd6-game-data/main/Towers/DartlingGunner/DartlingGunner-030.json
dartling_gunner_040,Dartling Gunner,040,middle,4,Rocket Storm,5000,11550,fixed_upgrade_price,,splash,Adds an activated rocket barrage.,https://raw.githubusercontent.com/hemisemidemipresent/cyberquincy/master/jsons/costs.json,https://raw.githubusercontent.com/Btd6ModHelper/btd6-game-data/main/textTable.json,https://raw.githubusercontent.com/Btd6ModHelper/btd6-game-data/main/Towers/DartlingGunner/DartlingGunner-040.json
dartling_gunner_050,Dartling Gunner,050,middle,5,M.A.D,65000,76550,fixed_upgrade_price,,tank_killer,Uses slower missiles with very high MOAB-class damage.,https://raw.githubusercontent.com/hemisemidemipresent/cyberquincy/master/jsons/costs.json,https://raw.githubusercontent.com/Btd6ModHelper/btd6-game-data/main/textTable.json,https://raw.githubusercontent.com/Btd6ModHelper/btd6-game-data/main/Towers/DartlingGunner/DartlingGunner-050.json
dartling_gunner_001,Dartling Gunner,001,bottom,1,Faster Swivel,150,1000,fixed_upgrade_price,,rapid_fire,Increases aiming rotation speed.,https://raw.githubusercontent.com/hemisemidemipresent/cyberquincy/master/jsons/costs.json,https://raw.githubusercontent.com/Btd6ModHelper/btd6-game-data/main/textTable.json,https://raw.githubusercontent.com/Btd6ModHelper/btd6-game-data/main/Towers/DartlingGunner/DartlingGunner-001.json
dartling_gunner_002,Dartling Gunner,002,bottom,2,Powerful Darts,1200,2200,fixed_upgrade_price,,rapid_fire,Improves dart speed and pierce and allows Frozen popping.,https://raw.githubusercontent.com/hemisemidemipresent/cyberquincy/master/jsons/costs.json,https://raw.githubusercontent.com/Btd6ModHelper/btd6-game-data/main/textTable.json,https://raw.githubusercontent.com/Btd6ModHelper/btd6-game-data/main/Towers/DartlingGunner/DartlingGunner-002.json
dartling_gunner_003,Dartling Gunner,003,bottom,3,Buckshot,3000,5200,fixed_upgrade_price,,rapid_fire,Uses a spread of damaging pellets.,https://raw.githubusercontent.com/hemisemidemipresent/cyberquincy/master/jsons/costs.json,https://raw.githubusercontent.com/Btd6ModHelper/btd6-game-data/main/textTable.json,https://raw.githubusercontent.com/Btd6ModHelper/btd6-game-data/main/Towers/DartlingGunner/DartlingGunner-003.json
dartling_gunner_004,Dartling Gunner,004,bottom,4,Bloon Area Denial System,12000,17200,fixed_upgrade_price,,rapid_fire,Adds four barrels and an automatic targeting mode.,https://raw.githubusercontent.com/hemisemidemipresent/cyberquincy/master/jsons/costs.json,https://raw.githubusercontent.com/Btd6ModHelper/btd6-game-data/main/textTable.json,https://raw.githubusercontent.com/Btd6ModHelper/btd6-game-data/main/Towers/DartlingGunner/DartlingGunner-004.json
dartling_gunner_005,Dartling Gunner,005,bottom,5,Bloon Exclusion Zone,58000,75200,fixed_upgrade_price,,rapid_fire,Adds six barrels and much higher damage.,https://raw.githubusercontent.com/hemisemidemipresent/cyberquincy/master/jsons/costs.json,https://raw.githubusercontent.com/Btd6ModHelper/btd6-game-data/main/textTable.json,https://raw.githubusercontent.com/Btd6ModHelper/btd6-game-data/main/Towers/DartlingGunner/DartlingGunner-005.json
wizard_monkey_100,Wizard Monkey,100,top,1,Guided Magic,175,425,fixed_upgrade_price,,basic_dps,"Magic projectiles seek targets, travel farther, and can pass through obstacles.",https://raw.githubusercontent.com/hemisemidemipresent/cyberquincy/master/jsons/costs.json,https://raw.githubusercontent.com/Btd6ModHelper/btd6-game-data/main/textTable.json,https://raw.githubusercontent.com/Btd6ModHelper/btd6-game-data/main/Towers/WizardMonkey/WizardMonkey-100.json
wizard_monkey_200,Wizard Monkey,200,top,2,Arcane Blast,450,875,fixed_upgrade_price,,basic_dps,Raises the damage of the basic magic attack.,https://raw.githubusercontent.com/hemisemidemipresent/cyberquincy/master/jsons/costs.json,https://raw.githubusercontent.com/Btd6ModHelper/btd6-game-data/main/textTable.json,https://raw.githubusercontent.com/Btd6ModHelper/btd6-game-data/main/Towers/WizardMonkey/WizardMonkey-200.json
wizard_monkey_300,Wizard Monkey,300,top,3,Arcane Mastery,1450,2325,fixed_upgrade_price,,basic_dps,"Improves magic attack speed, range, damage, and pierce.",https://raw.githubusercontent.com/hemisemidemipresent/cyberquincy/master/jsons/costs.json,https://raw.githubusercontent.com/Btd6ModHelper/btd6-game-data/main/textTable.json,https://raw.githubusercontent.com/Btd6ModHelper/btd6-game-data/main/Towers/WizardMonkey/WizardMonkey-300.json
wizard_monkey_400,Wizard Monkey,400,top,4,Arcane Spike,10000,12325,fixed_upgrade_price,,tank_killer,Adds a faster magic attack with high MOAB-class damage.,https://raw.githubusercontent.com/hemisemidemipresent/cyberquincy/master/jsons/costs.json,https://raw.githubusercontent.com/Btd6ModHelper/btd6-game-data/main/textTable.json,https://raw.githubusercontent.com/Btd6ModHelper/btd6-game-data/main/Towers/WizardMonkey/WizardMonkey-400.json
wizard_monkey_500,Wizard Monkey,500,top,5,Archmage,32000,44325,fixed_upgrade_price,,tank_killer,"Further increases magic damage and firing speed, especially against MOAB-class targets.",https://raw.githubusercontent.com/hemisemidemipresent/cyberquincy/master/jsons/costs.json,https://raw.githubusercontent.com/Btd6ModHelper/btd6-game-data/main/textTable.json,https://raw.githubusercontent.com/Btd6ModHelper/btd6-game-data/main/Towers/WizardMonkey/WizardMonkey-500.json
wizard_monkey_010,Wizard Monkey,010,middle,1,Fireball,300,550,fixed_upgrade_price,,basic_dps,Adds a separate explosive fireball attack.,https://raw.githubusercontent.com/hemisemidemipresent/cyberquincy/master/jsons/costs.json,https://raw.githubusercontent.com/Btd6ModHelper/btd6-game-data/main/textTable.json,https://raw.githubusercontent.com/Btd6ModHelper/btd6-game-data/main/Towers/WizardMonkey/WizardMonkey-010.json
wizard_monkey_020,Wizard Monkey,020,middle,2,Wall of Fire,800,1350,fixed_upgrade_price,,basic_dps,Periodically creates a damaging fire zone on the track.,https://raw.githubusercontent.com/hemisemidemipresent/cyberquincy/master/jsons/costs.json,https://raw.githubusercontent.com/Btd6ModHelper/btd6-game-data/main/textTable.json,https://raw.githubusercontent.com/Btd6ModHelper/btd6-game-data/main/Towers/WizardMonkey/WizardMonkey-020.json
wizard_monkey_030,Wizard Monkey,030,middle,3,Dragon's Breath,3300,4650,fixed_upgrade_price,,splash,Adds a sustained flame attack and improves other fire attacks.,https://raw.githubusercontent.com/hemisemidemipresent/cyberquincy/master/jsons/costs.json,https://raw.githubusercontent.com/Btd6ModHelper/btd6-game-data/main/textTable.json,https://raw.githubusercontent.com/Btd6ModHelper/btd6-game-data/main/Towers/WizardMonkey/WizardMonkey-030.json
wizard_monkey_040,Wizard Monkey,040,middle,4,Summon Phoenix,6000,10650,fixed_upgrade_price,,summoner,Adds an ability that temporarily summons a flying Phoenix.,https://raw.githubusercontent.com/hemisemidemipresent/cyberquincy/master/jsons/costs.json,https://raw.githubusercontent.com/Btd6ModHelper/btd6-game-data/main/textTable.json,https://raw.githubusercontent.com/Btd6ModHelper/btd6-game-data/main/Towers/WizardMonkey/WizardMonkey-040.json
wizard_monkey_050,Wizard Monkey,050,middle,5,Wizard Lord Phoenix,50000,60650,fixed_upgrade_price,,summoner,Upgrades the Phoenix ability and the Wizard's fire attacks.,https://raw.githubusercontent.com/hemisemidemipresent/cyberquincy/master/jsons/costs.json,https://raw.githubusercontent.com/Btd6ModHelper/btd6-game-data/main/textTable.json,https://raw.githubusercontent.com/Btd6ModHelper/btd6-game-data/main/Towers/WizardMonkey/WizardMonkey-050.json
wizard_monkey_001,Wizard Monkey,001,bottom,1,Intense Magic,300,550,fixed_upgrade_price,,basic_dps,Increases magic projectile speed and pierce.,https://raw.githubusercontent.com/hemisemidemipresent/cyberquincy/master/jsons/costs.json,https://raw.githubusercontent.com/Btd6ModHelper/btd6-game-data/main/textTable.json,https://raw.githubusercontent.com/Btd6ModHelper/btd6-game-data/main/Towers/WizardMonkey/WizardMonkey-001.json
wizard_monkey_002,Wizard Monkey,002,bottom,2,Monkey Sense,300,850,fixed_upgrade_price,,basic_dps,Adds Camo detection and increases range.,https://raw.githubusercontent.com/hemisemidemipresent/cyberquincy/master/jsons/costs.json,https://raw.githubusercontent.com/Btd6ModHelper/btd6-game-data/main/textTable.json,https://raw.githubusercontent.com/Btd6ModHelper/btd6-game-data/main/Towers/WizardMonkey/WizardMonkey-002.json
wizard_monkey_003,Wizard Monkey,003,bottom,3,Shimmer,1500,2350,fixed_upgrade_price,,support,Periodically removes Camo from nearby targets.,https://raw.githubusercontent.com/hemisemidemipresent/cyberquincy/master/jsons/costs.json,https://raw.githubusercontent.com/Btd6ModHelper/btd6-game-data/main/textTable.json,https://raw.githubusercontent.com/Btd6ModHelper/btd6-game-data/main/Towers/WizardMonkey/WizardMonkey-003.json
wizard_monkey_004,Wizard Monkey,004,bottom,4,Necromancer: Unpopped Army,2800,5150,fixed_upgrade_price,,summoner,Uses recent pops to summon friendly Bloons that travel along the track and damage enemies.,https://raw.githubusercontent.com/hemisemidemipresent/cyberquincy/master/jsons/costs.json,https://raw.githubusercontent.com/Btd6ModHelper/btd6-game-data/main/textTable.json,https://raw.githubusercontent.com/Btd6ModHelper/btd6-game-data/main/Towers/WizardMonkey/WizardMonkey-004.json
wizard_monkey_005,Wizard Monkey,005,bottom,5,Prince of Darkness,26500,31650,fixed_upgrade_price,,summoner,Strengthens summoned Bloons and improves nearby Necromancers.,https://raw.githubusercontent.com/hemisemidemipresent/cyberquincy/master/jsons/costs.json,https://raw.githubusercontent.com/Btd6ModHelper/btd6-game-data/main/textTable.json,https://raw.githubusercontent.com/Btd6ModHelper/btd6-game-data/main/Towers/WizardMonkey/WizardMonkey-005.json
super_monkey_100,Super Monkey,100,top,1,Laser Blasts,2000,4500,fixed_upgrade_price,,rapid_fire,Replaces darts with laser attacks.,https://raw.githubusercontent.com/hemisemidemipresent/cyberquincy/master/jsons/costs.json,https://raw.githubusercontent.com/Btd6ModHelper/btd6-game-data/main/textTable.json,https://raw.githubusercontent.com/Btd6ModHelper/btd6-game-data/main/Towers/SuperMonkey/SuperMonkey-100.json
super_monkey_200,Super Monkey,200,top,2,Plasma Blasts,2500,7000,fixed_upgrade_price,,rapid_fire,Replaces lasers with stronger plasma attacks.,https://raw.githubusercontent.com/hemisemidemipresent/cyberquincy/master/jsons/costs.json,https://raw.githubusercontent.com/Btd6ModHelper/btd6-game-data/main/textTable.json,https://raw.githubusercontent.com/Btd6ModHelper/btd6-game-data/main/Towers/SuperMonkey/SuperMonkey-200.json
super_monkey_300,Super Monkey,300,top,3,Sun Avatar,20000,27000,fixed_upgrade_price,,rapid_fire,Fires several streams of high-volume energy projectiles.,https://raw.githubusercontent.com/hemisemidemipresent/cyberquincy/master/jsons/costs.json,https://raw.githubusercontent.com/Btd6ModHelper/btd6-game-data/main/textTable.json,https://raw.githubusercontent.com/Btd6ModHelper/btd6-game-data/main/Towers/SuperMonkey/SuperMonkey-300.json
super_monkey_400,Super Monkey,400,top,4,Sun Temple,100000,127000,fixed_upgrade_price,,rapid_fire,Consumes nearby towers when purchased; its additional attacks and support depend on sacrifices.,https://raw.githubusercontent.com/hemisemidemipresent/cyberquincy/master/jsons/costs.json,https://raw.githubusercontent.com/Btd6ModHelper/btd6-game-data/main/textTable.json,https://raw.githubusercontent.com/Btd6ModHelper/btd6-game-data/main/Towers/SuperMonkey/SuperMonkey-400.json
super_monkey_500,Super Monkey,500,top,5,True Sun God,500000,627000,fixed_upgrade_price,,rapid_fire,Adds another sacrifice stage and much stronger attacks; total cost depends on the sacrificed towers.,https://raw.githubusercontent.com/hemisemidemipresent/cyberquincy/master/jsons/costs.json,https://raw.githubusercontent.com/Btd6ModHelper/btd6-game-data/main/textTable.json,https://raw.githubusercontent.com/Btd6ModHelper/btd6-game-data/main/Towers/SuperMonkey/SuperMonkey-500.json
super_monkey_010,Super Monkey,010,middle,1,Super Range,1500,4000,fixed_upgrade_price,,rapid_fire,Increases attack range.,https://raw.githubusercontent.com/hemisemidemipresent/cyberquincy/master/jsons/costs.json,https://raw.githubusercontent.com/Btd6ModHelper/btd6-game-data/main/textTable.json,https://raw.githubusercontent.com/Btd6ModHelper/btd6-game-data/main/Towers/SuperMonkey/SuperMonkey-010.json
super_monkey_020,Super Monkey,020,middle,2,Epic Range,1900,5900,fixed_upgrade_price,,rapid_fire,Further increases attack range.,https://raw.githubusercontent.com/hemisemidemipresent/cyberquincy/master/jsons/costs.json,https://raw.githubusercontent.com/Btd6ModHelper/btd6-game-data/main/textTable.json,https://raw.githubusercontent.com/Btd6ModHelper/btd6-game-data/main/Towers/SuperMonkey/SuperMonkey-020.json
super_monkey_030,Super Monkey,030,middle,3,Robo Monkey,7500,13400,fixed_upgrade_price,,rapid_fire,Adds a second independently targeted gun and periodic critical hits.,https://raw.githubusercontent.com/hemisemidemipresent/cyberquincy/master/jsons/costs.json,https://raw.githubusercontent.com/Btd6ModHelper/btd6-game-data/main/textTable.json,https://raw.githubusercontent.com/Btd6ModHelper/btd6-game-data/main/Towers/SuperMonkey/SuperMonkey-030.json
super_monkey_040,Super Monkey,040,middle,4,Tech Terror,25000,38400,fixed_upgrade_price,,splash,Improves the dual weapons and adds an area-damage Annihilation ability.,https://raw.githubusercontent.com/hemisemidemipresent/cyberquincy/master/jsons/costs.json,https://raw.githubusercontent.com/Btd6ModHelper/btd6-game-data/main/textTable.json,https://raw.githubusercontent.com/Btd6ModHelper/btd6-game-data/main/Towers/SuperMonkey/SuperMonkey-040.json
super_monkey_050,Super Monkey,050,middle,5,The Anti-Bloon,70000,108400,fixed_upgrade_price,,splash,Greatly increases regular attacks and the Annihilation ability's damage.,https://raw.githubusercontent.com/hemisemidemipresent/cyberquincy/master/jsons/costs.json,https://raw.githubusercontent.com/Btd6ModHelper/btd6-game-data/main/textTable.json,https://raw.githubusercontent.com/Btd6ModHelper/btd6-game-data/main/Towers/SuperMonkey/SuperMonkey-050.json
super_monkey_001,Super Monkey,001,bottom,1,Knockback,3000,5500,fixed_upgrade_price,,rapid_fire,Adds a movement-reduction effect to attacks.,https://raw.githubusercontent.com/hemisemidemipresent/cyberquincy/master/jsons/costs.json,https://raw.githubusercontent.com/Btd6ModHelper/btd6-game-data/main/textTable.json,https://raw.githubusercontent.com/Btd6ModHelper/btd6-game-data/main/Towers/SuperMonkey/SuperMonkey-001.json
super_monkey_002,Super Monkey,002,bottom,2,Ultravision,1200,6700,fixed_upgrade_price,,rapid_fire,"Adds range, Camo detection, and bonus damage against Camo targets.",https://raw.githubusercontent.com/hemisemidemipresent/cyberquincy/master/jsons/costs.json,https://raw.githubusercontent.com/Btd6ModHelper/btd6-game-data/main/textTable.json,https://raw.githubusercontent.com/Btd6ModHelper/btd6-game-data/main/Towers/SuperMonkey/SuperMonkey-002.json
super_monkey_003,Super Monkey,003,bottom,3,Dark Knight,5600,12300,fixed_upgrade_price,,tank_killer,Adds anti-MOAB damage and a short-range Darkshift teleport ability.,https://raw.githubusercontent.com/hemisemidemipresent/cyberquincy/master/jsons/costs.json,https://raw.githubusercontent.com/Btd6ModHelper/btd6-game-data/main/textTable.json,https://raw.githubusercontent.com/Btd6ModHelper/btd6-game-data/main/Towers/SuperMonkey/SuperMonkey-003.json
super_monkey_004,Super Monkey,004,bottom,4,Dark Champion,55555,67855,fixed_upgrade_price,,tank_killer,Improves damage and gives Darkshift map-wide relocation.,https://raw.githubusercontent.com/hemisemidemipresent/cyberquincy/master/jsons/costs.json,https://raw.githubusercontent.com/Btd6ModHelper/btd6-game-data/main/textTable.json,https://raw.githubusercontent.com/Btd6ModHelper/btd6-game-data/main/Towers/SuperMonkey/SuperMonkey-004.json
super_monkey_005,Super Monkey,005,bottom,5,Legend of the Night,165650,233505,fixed_upgrade_price,,tank_killer,Adds powerful attacks and an automatic emergency black hole that can absorb leaking Bloons.,https://raw.githubusercontent.com/hemisemidemipresent/cyberquincy/master/jsons/costs.json,https://raw.githubusercontent.com/Btd6ModHelper/btd6-game-data/main/textTable.json,https://raw.githubusercontent.com/Btd6ModHelper/btd6-game-data/main/Towers/SuperMonkey/SuperMonkey-005.json
ninja_monkey_100,Ninja Monkey,100,top,1,Ninja Discipline,350,750,fixed_upgrade_price,,basic_dps,Increases shuriken firing speed.,https://raw.githubusercontent.com/hemisemidemipresent/cyberquincy/master/jsons/costs.json,https://raw.githubusercontent.com/Btd6ModHelper/btd6-game-data/main/textTable.json,https://raw.githubusercontent.com/Btd6ModHelper/btd6-game-data/main/Towers/NinjaMonkey/NinjaMonkey-100.json
ninja_monkey_200,Ninja Monkey,200,top,2,Sharp Shurikens,350,1100,fixed_upgrade_price,,basic_dps,Increases shuriken pierce.,https://raw.githubusercontent.com/hemisemidemipresent/cyberquincy/master/jsons/costs.json,https://raw.githubusercontent.com/Btd6ModHelper/btd6-game-data/main/textTable.json,https://raw.githubusercontent.com/Btd6ModHelper/btd6-game-data/main/Towers/NinjaMonkey/NinjaMonkey-200.json
ninja_monkey_300,Ninja Monkey,300,top,3,Double Shot,900,2000,fixed_upgrade_price,,rapid_fire,Throws two shurikens per attack.,https://raw.githubusercontent.com/hemisemidemipresent/cyberquincy/master/jsons/costs.json,https://raw.githubusercontent.com/Btd6ModHelper/btd6-game-data/main/textTable.json,https://raw.githubusercontent.com/Btd6ModHelper/btd6-game-data/main/Towers/NinjaMonkey/NinjaMonkey-300.json
ninja_monkey_400,Ninja Monkey,400,top,4,Bloonjitsu,2750,4750,fixed_upgrade_price,,rapid_fire,Throws five shurikens per attack.,https://raw.githubusercontent.com/hemisemidemipresent/cyberquincy/master/jsons/costs.json,https://raw.githubusercontent.com/Btd6ModHelper/btd6-game-data/main/textTable.json,https://raw.githubusercontent.com/Btd6ModHelper/btd6-game-data/main/Towers/NinjaMonkey/NinjaMonkey-400.json
ninja_monkey_500,Ninja Monkey,500,top,5,Grandmaster Ninja,35000,39750,fixed_upgrade_price,,rapid_fire,Throws eight shurikens at a much faster rate.,https://raw.githubusercontent.com/hemisemidemipresent/cyberquincy/master/jsons/costs.json,https://raw.githubusercontent.com/Btd6ModHelper/btd6-game-data/main/textTable.json,https://raw.githubusercontent.com/Btd6ModHelper/btd6-game-data/main/Towers/NinjaMonkey/NinjaMonkey-500.json
ninja_monkey_010,Ninja Monkey,010,middle,1,Distraction,250,650,fixed_upgrade_price,,basic_dps,Attacks can send ordinary Bloons backward.,https://raw.githubusercontent.com/hemisemidemipresent/cyberquincy/master/jsons/costs.json,https://raw.githubusercontent.com/Btd6ModHelper/btd6-game-data/main/textTable.json,https://raw.githubusercontent.com/Btd6ModHelper/btd6-game-data/main/Towers/NinjaMonkey/NinjaMonkey-010.json
ninja_monkey_020,Ninja Monkey,020,middle,2,Counter-Espionage,400,1050,fixed_upgrade_price,,basic_dps,Hits remove Camo from targets.,https://raw.githubusercontent.com/hemisemidemipresent/cyberquincy/master/jsons/costs.json,https://raw.githubusercontent.com/Btd6ModHelper/btd6-game-data/main/textTable.json,https://raw.githubusercontent.com/Btd6ModHelper/btd6-game-data/main/Towers/NinjaMonkey/NinjaMonkey-020.json
ninja_monkey_030,Ninja Monkey,030,middle,3,Shinobi Tactics,1200,2250,fixed_upgrade_price,,support,Buffs nearby Ninjas' attack speed and pierce; multiple Shinobi buffs can stack.,https://raw.githubusercontent.com/hemisemidemipresent/cyberquincy/master/jsons/costs.json,https://raw.githubusercontent.com/Btd6ModHelper/btd6-game-data/main/textTable.json,https://raw.githubusercontent.com/Btd6ModHelper/btd6-game-data/main/Towers/NinjaMonkey/NinjaMonkey-030.json
ninja_monkey_040,Ninja Monkey,040,middle,4,Bloon Sabotage,5200,7450,fixed_upgrade_price,,slow,Adds a temporary map-wide slowing ability.,https://raw.githubusercontent.com/hemisemidemipresent/cyberquincy/master/jsons/costs.json,https://raw.githubusercontent.com/Btd6ModHelper/btd6-game-data/main/textTable.json,https://raw.githubusercontent.com/Btd6ModHelper/btd6-game-data/main/Towers/NinjaMonkey/NinjaMonkey-040.json
ninja_monkey_050,Ninja Monkey,050,middle,5,Grand Saboteur,22000,29450,fixed_upgrade_price,,slow,"Extends sabotage, damages newly entering MOAB-class targets during its effect, and improves Shinobi support.",https://raw.githubusercontent.com/hemisemidemipresent/cyberquincy/master/jsons/costs.json,https://raw.githubusercontent.com/Btd6ModHelper/btd6-game-data/main/textTable.json,https://raw.githubusercontent.com/Btd6ModHelper/btd6-game-data/main/Towers/NinjaMonkey/NinjaMonkey-050.json
ninja_monkey_001,Ninja Monkey,001,bottom,1,Seeking Shuriken,300,700,fixed_upgrade_price,,basic_dps,Adds homing and range to shurikens.,https://raw.githubusercontent.com/hemisemidemipresent/cyberquincy/master/jsons/costs.json,https://raw.githubusercontent.com/Btd6ModHelper/btd6-game-data/main/textTable.json,https://raw.githubusercontent.com/Btd6ModHelper/btd6-game-data/main/Towers/NinjaMonkey/NinjaMonkey-001.json
ninja_monkey_002,Ninja Monkey,002,bottom,2,Caltrops,450,1150,fixed_upgrade_price,,basic_dps,Drops damaging caltrops onto the nearby track.,https://raw.githubusercontent.com/hemisemidemipresent/cyberquincy/master/jsons/costs.json,https://raw.githubusercontent.com/Btd6ModHelper/btd6-game-data/main/textTable.json,https://raw.githubusercontent.com/Btd6ModHelper/btd6-game-data/main/Towers/NinjaMonkey/NinjaMonkey-002.json
ninja_monkey_003,Ninja Monkey,003,bottom,3,Flash Bomb,2250,3400,fixed_upgrade_price,,status,Adds a stunning bomb attack and improves damage against stunned targets.,https://raw.githubusercontent.com/hemisemidemipresent/cyberquincy/master/jsons/costs.json,https://raw.githubusercontent.com/Btd6ModHelper/btd6-game-data/main/textTable.json,https://raw.githubusercontent.com/Btd6ModHelper/btd6-game-data/main/Towers/NinjaMonkey/NinjaMonkey-003.json
ninja_monkey_004,Ninja Monkey,004,bottom,4,Sticky Bomb,5000,8400,fixed_upgrade_price,,tank_killer,Attaches delayed-explosion bombs to MOAB-class targets.,https://raw.githubusercontent.com/hemisemidemipresent/cyberquincy/master/jsons/costs.json,https://raw.githubusercontent.com/Btd6ModHelper/btd6-game-data/main/textTable.json,https://raw.githubusercontent.com/Btd6ModHelper/btd6-game-data/main/Towers/NinjaMonkey/NinjaMonkey-004.json
ninja_monkey_005,Ninja Monkey,005,bottom,5,Master Bomber,40000,48400,fixed_upgrade_price,,tank_killer,Greatly strengthens the anti-MOAB bomb attacks.,https://raw.githubusercontent.com/hemisemidemipresent/cyberquincy/master/jsons/costs.json,https://raw.githubusercontent.com/Btd6ModHelper/btd6-game-data/main/textTable.json,https://raw.githubusercontent.com/Btd6ModHelper/btd6-game-data/main/Towers/NinjaMonkey/NinjaMonkey-005.json
alchemist_100,Alchemist,100,top,1,Larger Potions,250,800,fixed_upgrade_price,,status,Increases potion splash coverage.,https://raw.githubusercontent.com/hemisemidemipresent/cyberquincy/master/jsons/costs.json,https://raw.githubusercontent.com/Btd6ModHelper/btd6-game-data/main/textTable.json,https://raw.githubusercontent.com/Btd6ModHelper/btd6-game-data/main/Towers/Alchemist/Alchemist-100.json
alchemist_200,Alchemist,200,top,2,Acidic Mixture Dip,350,1150,fixed_upgrade_price,,status,Temporarily lets a nearby tower damage Lead and deal bonus Ceramic and MOAB-class damage.,https://raw.githubusercontent.com/hemisemidemipresent/cyberquincy/master/jsons/costs.json,https://raw.githubusercontent.com/Btd6ModHelper/btd6-game-data/main/textTable.json,https://raw.githubusercontent.com/Btd6ModHelper/btd6-game-data/main/Towers/Alchemist/Alchemist-200.json
alchemist_300,Alchemist,300,top,3,Berserker Brew,1400,2550,fixed_upgrade_price,,support,"Adds temporary damage, range, and attack-speed buffs for nearby towers.",https://raw.githubusercontent.com/hemisemidemipresent/cyberquincy/master/jsons/costs.json,https://raw.githubusercontent.com/Btd6ModHelper/btd6-game-data/main/textTable.json,https://raw.githubusercontent.com/Btd6ModHelper/btd6-game-data/main/Towers/Alchemist/Alchemist-300.json
alchemist_400,Alchemist,400,top,4,Stronger Stimulant,2850,5400,fixed_upgrade_price,,support,Strengthens the brew buff.,https://raw.githubusercontent.com/hemisemidemipresent/cyberquincy/master/jsons/costs.json,https://raw.githubusercontent.com/Btd6ModHelper/btd6-game-data/main/textTable.json,https://raw.githubusercontent.com/Btd6ModHelper/btd6-game-data/main/Towers/Alchemist/Alchemist-400.json
alchemist_500,Alchemist,500,top,5,Permanent Brew,48000,53400,fixed_upgrade_price,,support,Makes brew and acidic-mixture buffs persistent on affected towers.,https://raw.githubusercontent.com/hemisemidemipresent/cyberquincy/master/jsons/costs.json,https://raw.githubusercontent.com/Btd6ModHelper/btd6-game-data/main/textTable.json,https://raw.githubusercontent.com/Btd6ModHelper/btd6-game-data/main/Towers/Alchemist/Alchemist-500.json
alchemist_010,Alchemist,010,middle,1,Stronger Acid,250,800,fixed_upgrade_price,,status,Improves acid damage over time.,https://raw.githubusercontent.com/hemisemidemipresent/cyberquincy/master/jsons/costs.json,https://raw.githubusercontent.com/Btd6ModHelper/btd6-game-data/main/textTable.json,https://raw.githubusercontent.com/Btd6ModHelper/btd6-game-data/main/Towers/Alchemist/Alchemist-010.json
alchemist_020,Alchemist,020,middle,2,Perishing Potions,475,1275,fixed_upgrade_price,,status,"Improves anti-MOAB potion damage, removes eligible Fortified properties, and improves potion buffs.",https://raw.githubusercontent.com/hemisemidemipresent/cyberquincy/master/jsons/costs.json,https://raw.githubusercontent.com/Btd6ModHelper/btd6-game-data/main/textTable.json,https://raw.githubusercontent.com/Btd6ModHelper/btd6-game-data/main/Towers/Alchemist/Alchemist-020.json
alchemist_030,Alchemist,030,middle,3,Unstable Concoction,2800,4075,fixed_upgrade_price,,splash,Marks MOAB-class targets so that destroying them causes an explosion.,https://raw.githubusercontent.com/hemisemidemipresent/cyberquincy/master/jsons/costs.json,https://raw.githubusercontent.com/Btd6ModHelper/btd6-game-data/main/textTable.json,https://raw.githubusercontent.com/Btd6ModHelper/btd6-game-data/main/Towers/Alchemist/Alchemist-030.json
alchemist_040,Alchemist,040,middle,4,Transforming Tonic,4200,8275,fixed_upgrade_price,,rapid_fire,Adds an ability that temporarily transforms the Alchemist into a rapid-attacking monster.,https://raw.githubusercontent.com/hemisemidemipresent/cyberquincy/master/jsons/costs.json,https://raw.githubusercontent.com/Btd6ModHelper/btd6-game-data/main/textTable.json,https://raw.githubusercontent.com/Btd6ModHelper/btd6-game-data/main/Towers/Alchemist/Alchemist-040.json
alchemist_050,Alchemist,050,middle,5,Total Transformation,45000,53275,fixed_upgrade_price,,rapid_fire,Adds the ability to transform nearby eligible towers into attacking monsters.,https://raw.githubusercontent.com/hemisemidemipresent/cyberquincy/master/jsons/costs.json,https://raw.githubusercontent.com/Btd6ModHelper/btd6-game-data/main/textTable.json,https://raw.githubusercontent.com/Btd6ModHelper/btd6-game-data/main/Towers/Alchemist/Alchemist-050.json
alchemist_001,Alchemist,001,bottom,1,Faster Throwing,650,1200,fixed_upgrade_price,,status,Increases potion throwing speed.,https://raw.githubusercontent.com/hemisemidemipresent/cyberquincy/master/jsons/costs.json,https://raw.githubusercontent.com/Btd6ModHelper/btd6-game-data/main/textTable.json,https://raw.githubusercontent.com/Btd6ModHelper/btd6-game-data/main/Towers/Alchemist/Alchemist-001.json
alchemist_002,Alchemist,002,bottom,2,Acid Pool,450,1650,fixed_upgrade_price,,status,Unused throws can leave damaging acid pools on the track.,https://raw.githubusercontent.com/hemisemidemipresent/cyberquincy/master/jsons/costs.json,https://raw.githubusercontent.com/Btd6ModHelper/btd6-game-data/main/textTable.json,https://raw.githubusercontent.com/Btd6ModHelper/btd6-game-data/main/Towers/Alchemist/Alchemist-002.json
alchemist_003,Alchemist,003,bottom,3,Lead to Gold,1000,2650,fixed_upgrade_price,,economy,Destroys Lead targets for extra cash.,https://raw.githubusercontent.com/hemisemidemipresent/cyberquincy/master/jsons/costs.json,https://raw.githubusercontent.com/Btd6ModHelper/btd6-game-data/main/textTable.json,https://raw.githubusercontent.com/Btd6ModHelper/btd6-game-data/main/Towers/Alchemist/Alchemist-003.json
alchemist_004,Alchemist,004,bottom,4,Rubber to Gold,2750,5400,fixed_upgrade_price,,economy,Marks targets to yield extra cash when popped; the exported description also specifies immunity removal.,https://raw.githubusercontent.com/hemisemidemipresent/cyberquincy/master/jsons/costs.json,https://raw.githubusercontent.com/Btd6ModHelper/btd6-game-data/main/textTable.json,https://raw.githubusercontent.com/Btd6ModHelper/btd6-game-data/main/Towers/Alchemist/Alchemist-004.json
alchemist_005,Alchemist,005,bottom,5,Bloon Master Alchemist,40000,45400,fixed_upgrade_price,,tank_killer,"Can shrink eligible targets into Red Bloons, removing their remaining layers.",https://raw.githubusercontent.com/hemisemidemipresent/cyberquincy/master/jsons/costs.json,https://raw.githubusercontent.com/Btd6ModHelper/btd6-game-data/main/textTable.json,https://raw.githubusercontent.com/Btd6ModHelper/btd6-game-data/main/Towers/Alchemist/Alchemist-005.json
druid_100,Druid,100,top,1,Hard Thorns,350,750,fixed_upgrade_price,,basic_dps,Improves thorn pierce and allows thorns to damage additional Bloon types.,https://raw.githubusercontent.com/hemisemidemipresent/cyberquincy/master/jsons/costs.json,https://raw.githubusercontent.com/Btd6ModHelper/btd6-game-data/main/textTable.json,https://raw.githubusercontent.com/Btd6ModHelper/btd6-game-data/main/Towers/Druid/Druid-100.json
druid_200,Druid,200,top,2,Heart of Thunder,850,1600,fixed_upgrade_price,,basic_dps,Adds chain lightning.,https://raw.githubusercontent.com/hemisemidemipresent/cyberquincy/master/jsons/costs.json,https://raw.githubusercontent.com/Btd6ModHelper/btd6-game-data/main/textTable.json,https://raw.githubusercontent.com/Btd6ModHelper/btd6-game-data/main/Towers/Druid/Druid-200.json
druid_300,Druid,300,top,3,Druid of the Storm,1700,3300,fixed_upgrade_price,,slow,Adds a tornado attack that blows ordinary Bloons backward.,https://raw.githubusercontent.com/hemisemidemipresent/cyberquincy/master/jsons/costs.json,https://raw.githubusercontent.com/Btd6ModHelper/btd6-game-data/main/textTable.json,https://raw.githubusercontent.com/Btd6ModHelper/btd6-game-data/main/Towers/Druid/Druid-300.json
druid_400,Druid,400,top,4,Ball Lightning,4500,7800,fixed_upgrade_price,,slow,Adds Camo detection and lightning balls that can freeze targets; improves chain lightning.,https://raw.githubusercontent.com/hemisemidemipresent/cyberquincy/master/jsons/costs.json,https://raw.githubusercontent.com/Btd6ModHelper/btd6-game-data/main/textTable.json,https://raw.githubusercontent.com/Btd6ModHelper/btd6-game-data/main/Towers/Druid/Druid-400.json
druid_500,Druid,500,top,5,Superstorm,60000,67800,fixed_upgrade_price,,slow,Adds much stronger storm attacks with MOAB-class knockback.,https://raw.githubusercontent.com/hemisemidemipresent/cyberquincy/master/jsons/costs.json,https://raw.githubusercontent.com/Btd6ModHelper/btd6-game-data/main/textTable.json,https://raw.githubusercontent.com/Btd6ModHelper/btd6-game-data/main/Towers/Druid/Druid-500.json
druid_010,Druid,010,middle,1,Thorn Swarm,250,650,fixed_upgrade_price,,basic_dps,Fires eight thorns per volley instead of five.,https://raw.githubusercontent.com/hemisemidemipresent/cyberquincy/master/jsons/costs.json,https://raw.githubusercontent.com/Btd6ModHelper/btd6-game-data/main/textTable.json,https://raw.githubusercontent.com/Btd6ModHelper/btd6-game-data/main/Towers/Druid/Druid-010.json
druid_020,Druid,020,middle,2,Heart of Oak,350,1000,fixed_upgrade_price,,basic_dps,Removes Regrow and can gain pierce from lives gained after purchase.,https://raw.githubusercontent.com/hemisemidemipresent/cyberquincy/master/jsons/costs.json,https://raw.githubusercontent.com/Btd6ModHelper/btd6-game-data/main/textTable.json,https://raw.githubusercontent.com/Btd6ModHelper/btd6-game-data/main/Towers/Druid/Druid-020.json
druid_030,Druid,030,middle,3,Druid of the Jungle,1050,2050,fixed_upgrade_price,,summoner,Adds a vine attack that destroys an ordinary Bloon and leaves thorns on the track.,https://raw.githubusercontent.com/hemisemidemipresent/cyberquincy/master/jsons/costs.json,https://raw.githubusercontent.com/Btd6ModHelper/btd6-game-data/main/textTable.json,https://raw.githubusercontent.com/Btd6ModHelper/btd6-game-data/main/Towers/Druid/Druid-030.json
druid_040,Druid,040,middle,4,Jungle's Bounty,4900,6950,fixed_upgrade_price,,summoner,"Generates round-end cash and lives, with a nearby-Farm income bonus; adds the Vine Crush ability.",https://raw.githubusercontent.com/hemisemidemipresent/cyberquincy/master/jsons/costs.json,https://raw.githubusercontent.com/Btd6ModHelper/btd6-game-data/main/textTable.json,https://raw.githubusercontent.com/Btd6ModHelper/btd6-game-data/main/Towers/Druid/Druid-040.json
druid_050,Druid,050,middle,5,Spirit of the Forest,35000,41950,fixed_upgrade_price,,summoner,Creates persistent damaging vines along the track and improves Vine Crush.,https://raw.githubusercontent.com/hemisemidemipresent/cyberquincy/master/jsons/costs.json,https://raw.githubusercontent.com/Btd6ModHelper/btd6-game-data/main/textTable.json,https://raw.githubusercontent.com/Btd6ModHelper/btd6-game-data/main/Towers/Druid/Druid-050.json
druid_001,Druid,001,bottom,1,Druidic Reach,100,500,fixed_upgrade_price,,basic_dps,Increases attack range.,https://raw.githubusercontent.com/hemisemidemipresent/cyberquincy/master/jsons/costs.json,https://raw.githubusercontent.com/Btd6ModHelper/btd6-game-data/main/textTable.json,https://raw.githubusercontent.com/Btd6ModHelper/btd6-game-data/main/Towers/Druid/Druid-001.json
druid_002,Druid,002,bottom,2,Heart of Vengeance,300,800,fixed_upgrade_price,,basic_dps,Increases attack speed and gains further speed from lives lost after purchase.,https://raw.githubusercontent.com/hemisemidemipresent/cyberquincy/master/jsons/costs.json,https://raw.githubusercontent.com/Btd6ModHelper/btd6-game-data/main/textTable.json,https://raw.githubusercontent.com/Btd6ModHelper/btd6-game-data/main/Towers/Druid/Druid-002.json
druid_003,Druid,003,bottom,3,Druid of Wrath,600,1400,fixed_upgrade_price,,rapid_fire,Attack speed increases while the Druid keeps attacking during a round.,https://raw.githubusercontent.com/hemisemidemipresent/cyberquincy/master/jsons/costs.json,https://raw.githubusercontent.com/Btd6ModHelper/btd6-game-data/main/textTable.json,https://raw.githubusercontent.com/Btd6ModHelper/btd6-game-data/main/Towers/Druid/Druid-003.json
druid_004,Druid,004,bottom,4,Poplust,2350,3750,fixed_upgrade_price,,rapid_fire,Buffs nearby Druids' attack speed and pierce; several buffs can stack.,https://raw.githubusercontent.com/hemisemidemipresent/cyberquincy/master/jsons/costs.json,https://raw.githubusercontent.com/Btd6ModHelper/btd6-game-data/main/textTable.json,https://raw.githubusercontent.com/Btd6ModHelper/btd6-game-data/main/Towers/Druid/Druid-004.json
druid_005,Druid,005,bottom,5,Avatar of Wrath,45000,48750,fixed_upgrade_price,,rapid_fire,Gains attack damage as the amount of Bloon health on the map increases.,https://raw.githubusercontent.com/hemisemidemipresent/cyberquincy/master/jsons/costs.json,https://raw.githubusercontent.com/Btd6ModHelper/btd6-game-data/main/textTable.json,https://raw.githubusercontent.com/Btd6ModHelper/btd6-game-data/main/Towers/Druid/Druid-005.json
mermonkey_100,Mermonkey,100,top,1,Trident Efficiency,150,450,fixed_upgrade_price,160,splash,Improves trident attack efficiency and speed.,https://raw.githubusercontent.com/hemisemidemipresent/cyberquincy/master/jsons/costs.json,https://raw.githubusercontent.com/Btd6ModHelper/btd6-game-data/main/textTable.json,https://raw.githubusercontent.com/Btd6ModHelper/btd6-game-data/main/Towers/Mermonkey/Mermonkey-100.json
mermonkey_200,Mermonkey,200,top,2,Trident Swiftness,250,700,fixed_upgrade_price,580,splash,Improves trident speed and reach.,https://raw.githubusercontent.com/hemisemidemipresent/cyberquincy/master/jsons/costs.json,https://raw.githubusercontent.com/Btd6ModHelper/btd6-game-data/main/textTable.json,https://raw.githubusercontent.com/Btd6ModHelper/btd6-game-data/main/Towers/Mermonkey/Mermonkey-200.json
mermonkey_300,Mermonkey,300,top,3,Abyss Dweller,1800,2500,fixed_upgrade_price,2800,support,Adds a tentacled creature attack and nearby pierce support.,https://raw.githubusercontent.com/hemisemidemipresent/cyberquincy/master/jsons/costs.json,https://raw.githubusercontent.com/Btd6ModHelper/btd6-game-data/main/textTable.json,https://raw.githubusercontent.com/Btd6ModHelper/btd6-game-data/main/Towers/Mermonkey/Mermonkey-300.json
mermonkey_400,Mermonkey,400,top,4,Abyssal Warrior,4200,6700,fixed_upgrade_price,11000,support,Strengthens the creature attack and adds slowing ink.,https://raw.githubusercontent.com/hemisemidemipresent/cyberquincy/master/jsons/costs.json,https://raw.githubusercontent.com/Btd6ModHelper/btd6-game-data/main/textTable.json,https://raw.githubusercontent.com/Btd6ModHelper/btd6-game-data/main/Towers/Mermonkey/Mermonkey-400.json
mermonkey_500,Mermonkey,500,top,5,Lord of the Abyss,23000,29700,fixed_upgrade_price,68000,support,Greatly strengthens the abyssal creature and the pierce buff granted to nearby towers.,https://raw.githubusercontent.com/hemisemidemipresent/cyberquincy/master/jsons/costs.json,https://raw.githubusercontent.com/Btd6ModHelper/btd6-game-data/main/textTable.json,https://raw.githubusercontent.com/Btd6ModHelper/btd6-game-data/main/Towers/Mermonkey/Mermonkey-500.json
mermonkey_010,Mermonkey,010,middle,1,Sharper Prongs,200,500,fixed_upgrade_price,150,splash,Improves trident damage and pierce.,https://raw.githubusercontent.com/hemisemidemipresent/cyberquincy/master/jsons/costs.json,https://raw.githubusercontent.com/Btd6ModHelper/btd6-game-data/main/textTable.json,https://raw.githubusercontent.com/Btd6ModHelper/btd6-game-data/main/Towers/Mermonkey/Mermonkey-010.json
mermonkey_020,Mermonkey,020,middle,2,Tidal Chill,225,725,fixed_upgrade_price,700,splash,Adds freezing to trident attacks.,https://raw.githubusercontent.com/hemisemidemipresent/cyberquincy/master/jsons/costs.json,https://raw.githubusercontent.com/Btd6ModHelper/btd6-game-data/main/textTable.json,https://raw.githubusercontent.com/Btd6ModHelper/btd6-game-data/main/Towers/Mermonkey/Mermonkey-020.json
mermonkey_030,Mermonkey,030,middle,3,Riptide Champion,2000,2725,fixed_upgrade_price,2500,status,Tridents become stronger as they travel.,https://raw.githubusercontent.com/hemisemidemipresent/cyberquincy/master/jsons/costs.json,https://raw.githubusercontent.com/Btd6ModHelper/btd6-game-data/main/textTable.json,https://raw.githubusercontent.com/Btd6ModHelper/btd6-game-data/main/Towers/Mermonkey/Mermonkey-030.json
mermonkey_040,Mermonkey,040,middle,4,Arctic Knight,8000,10725,fixed_upgrade_price,16000,status,Adds an Ice Jet ability with bouncing ice projectiles and improves cold attacks.,https://raw.githubusercontent.com/hemisemidemipresent/cyberquincy/master/jsons/costs.json,https://raw.githubusercontent.com/Btd6ModHelper/btd6-game-data/main/textTable.json,https://raw.githubusercontent.com/Btd6ModHelper/btd6-game-data/main/Towers/Mermonkey/Mermonkey-040.json
mermonkey_050,Mermonkey,050,middle,5,Popseidon,52000,62725,fixed_upgrade_price,70000,status,Greatly strengthens the cold-attack path and Ice Jet.,https://raw.githubusercontent.com/hemisemidemipresent/cyberquincy/master/jsons/costs.json,https://raw.githubusercontent.com/Btd6ModHelper/btd6-game-data/main/textTable.json,https://raw.githubusercontent.com/Btd6ModHelper/btd6-game-data/main/Towers/Mermonkey/Mermonkey-050.json
mermonkey_001,Mermonkey,001,bottom,1,Echosense Precision,200,500,fixed_upgrade_price,150,splash,Adds Camo detection and homing accuracy.,https://raw.githubusercontent.com/hemisemidemipresent/cyberquincy/master/jsons/costs.json,https://raw.githubusercontent.com/Btd6ModHelper/btd6-game-data/main/textTable.json,https://raw.githubusercontent.com/Btd6ModHelper/btd6-game-data/main/Towers/Mermonkey/Mermonkey-001.json
mermonkey_002,Mermonkey,002,bottom,2,Echosense Network,280,780,fixed_upgrade_price,670,splash,"Adds a range benefit from other Mermonkeys, subject to a stack limit.",https://raw.githubusercontent.com/hemisemidemipresent/cyberquincy/master/jsons/costs.json,https://raw.githubusercontent.com/Btd6ModHelper/btd6-game-data/main/textTable.json,https://raw.githubusercontent.com/Btd6ModHelper/btd6-game-data/main/Towers/Mermonkey/Mermonkey-002.json
mermonkey_003,Mermonkey,003,bottom,3,Alluring Melody,2000,2780,fixed_upgrade_price,3000,slow,Adds a song that diverts ordinary Bloons; it can remove Camo and trigger damage-over-time effects.,https://raw.githubusercontent.com/hemisemidemipresent/cyberquincy/master/jsons/costs.json,https://raw.githubusercontent.com/Btd6ModHelper/btd6-game-data/main/textTable.json,https://raw.githubusercontent.com/Btd6ModHelper/btd6-game-data/main/Towers/Mermonkey/Mermonkey-003.json
mermonkey_004,Mermonkey,004,bottom,4,Symphonic Resonance,7600,10380,fixed_upgrade_price,14500,slow,"Improves the song, affects eligible MOAB-class targets, and allows a selected lure position.",https://raw.githubusercontent.com/hemisemidemipresent/cyberquincy/master/jsons/costs.json,https://raw.githubusercontent.com/Btd6ModHelper/btd6-game-data/main/textTable.json,https://raw.githubusercontent.com/Btd6ModHelper/btd6-game-data/main/Towers/Mermonkey/Mermonkey-004.json
mermonkey_005,Mermonkey,005,bottom,5,The Final Harmonic,25000,35380,fixed_upgrade_price,52000,slow,Improves the song and its targeting range and adds Hero and Magic-tower support.,https://raw.githubusercontent.com/hemisemidemipresent/cyberquincy/master/jsons/costs.json,https://raw.githubusercontent.com/Btd6ModHelper/btd6-game-data/main/textTable.json,https://raw.githubusercontent.com/Btd6ModHelper/btd6-game-data/main/Towers/Mermonkey/Mermonkey-005.json
skywarden_100,Skywarden,100,top,1,Aerial Attunement,110,315,fixed_upgrade_price,,basic_dps,Increases its range and grants a stackable range buff to nearby towers.,https://raw.githubusercontent.com/hemisemidemipresent/cyberquincy/master/jsons/costs.json,https://raw.githubusercontent.com/Btd6ModHelper/btd6-game-data/main/textTable.json,https://raw.githubusercontent.com/Btd6ModHelper/btd6-game-data/main/Towers/Skywarden/Skywarden-100.json
skywarden_200,Skywarden,200,top,2,Zephyr Sense,215,530,fixed_upgrade_price,,basic_dps,"Adds Camo detection and a long-range stance with slower, more accurate attacks.",https://raw.githubusercontent.com/hemisemidemipresent/cyberquincy/master/jsons/costs.json,https://raw.githubusercontent.com/Btd6ModHelper/btd6-game-data/main/textTable.json,https://raw.githubusercontent.com/Btd6ModHelper/btd6-game-data/main/Towers/Skywarden/Skywarden-200.json
skywarden_300,Skywarden,300,top,3,Wind Weaver,1650,2180,fixed_upgrade_price,,slow,"Adds a hit sequence with knockback, secondary arrows, and a pull effect.",https://raw.githubusercontent.com/hemisemidemipresent/cyberquincy/master/jsons/costs.json,https://raw.githubusercontent.com/Btd6ModHelper/btd6-game-data/main/textTable.json,https://raw.githubusercontent.com/Btd6ModHelper/btd6-game-data/main/Towers/Skywarden/Skywarden-300.json
skywarden_400,Skywarden,400,top,4,Galesage,3300,5480,fixed_upgrade_price,,rapid_fire,Adds rapid arrow volleys and disables Camo within its area.,https://raw.githubusercontent.com/hemisemidemipresent/cyberquincy/master/jsons/costs.json,https://raw.githubusercontent.com/Btd6ModHelper/btd6-game-data/main/textTable.json,https://raw.githubusercontent.com/Btd6ModHelper/btd6-game-data/main/Towers/Skywarden/Skywarden-400.json
skywarden_500,Skywarden,500,top,5,Farwind Seer,19000,24480,fixed_upgrade_price,,sniper,Increases damage according to the distance traveled by the attack.,https://raw.githubusercontent.com/hemisemidemipresent/cyberquincy/master/jsons/costs.json,https://raw.githubusercontent.com/Btd6ModHelper/btd6-game-data/main/textTable.json,https://raw.githubusercontent.com/Btd6ModHelper/btd6-game-data/main/Towers/Skywarden/Skywarden-500.json
skywarden_010,Skywarden,010,middle,1,Storm's Pulse,175,380,fixed_upgrade_price,,basic_dps,Increases arrow speed and the attack-speed bonus from consecutive hits.,https://raw.githubusercontent.com/hemisemidemipresent/cyberquincy/master/jsons/costs.json,https://raw.githubusercontent.com/Btd6ModHelper/btd6-game-data/main/textTable.json,https://raw.githubusercontent.com/Btd6ModHelper/btd6-game-data/main/Towers/Skywarden/Skywarden-010.json
skywarden_020,Skywarden,020,middle,2,Thundering Arc,275,655,fixed_upgrade_price,,basic_dps,Adds an explosion whose radius grows with travel distance; permits firing over obstacles and aiming at the ground.,https://raw.githubusercontent.com/hemisemidemipresent/cyberquincy/master/jsons/costs.json,https://raw.githubusercontent.com/Btd6ModHelper/btd6-game-data/main/textTable.json,https://raw.githubusercontent.com/Btd6ModHelper/btd6-game-data/main/Towers/Skywarden/Skywarden-020.json
skywarden_030,Skywarden,030,middle,3,Galvanic Conduit,1800,2455,fixed_upgrade_price,,status,"Charges a target to interact with Energy, Plasma, Sharp, and Shatter attacks; the sequence adds chain lightning and a damaging stun.",https://raw.githubusercontent.com/hemisemidemipresent/cyberquincy/master/jsons/costs.json,https://raw.githubusercontent.com/Btd6ModHelper/btd6-game-data/main/textTable.json,https://raw.githubusercontent.com/Btd6ModHelper/btd6-game-data/main/Towers/Skywarden/Skywarden-030.json
skywarden_040,Skywarden,040,middle,4,Thunder's Decree,2000,4455,fixed_upgrade_price,,support,"Improves stunning and adds Thunder Charge, which temporarily improves nearby towers' projectiles.",https://raw.githubusercontent.com/hemisemidemipresent/cyberquincy/master/jsons/costs.json,https://raw.githubusercontent.com/Btd6ModHelper/btd6-game-data/main/textTable.json,https://raw.githubusercontent.com/Btd6ModHelper/btd6-game-data/main/Towers/Skywarden/Skywarden-040.json
skywarden_050,Skywarden,050,middle,5,Stormwrath Archon,35000,39455,fixed_upgrade_price,,support,Creates electrical conduits that react to attacks; Thunder Charge links them with lightning.,https://raw.githubusercontent.com/hemisemidemipresent/cyberquincy/master/jsons/costs.json,https://raw.githubusercontent.com/Btd6ModHelper/btd6-game-data/main/textTable.json,https://raw.githubusercontent.com/Btd6ModHelper/btd6-game-data/main/Towers/Skywarden/Skywarden-050.json
skywarden_001,Skywarden,001,bottom,1,Shatterpoint,150,355,fixed_upgrade_price,,basic_dps,Improves pierce and accuracy and can shatter weak frozen targets.,https://raw.githubusercontent.com/hemisemidemipresent/cyberquincy/master/jsons/costs.json,https://raw.githubusercontent.com/Btd6ModHelper/btd6-game-data/main/textTable.json,https://raw.githubusercontent.com/Btd6ModHelper/btd6-game-data/main/Towers/Skywarden/Skywarden-001.json
skywarden_002,Skywarden,002,bottom,2,Icebore,250,605,fixed_upgrade_price,,basic_dps,Adds pierce and damage against frozen targets.,https://raw.githubusercontent.com/hemisemidemipresent/cyberquincy/master/jsons/costs.json,https://raw.githubusercontent.com/Btd6ModHelper/btd6-game-data/main/textTable.json,https://raw.githubusercontent.com/Btd6ModHelper/btd6-game-data/main/Towers/Skywarden/Skywarden-002.json
skywarden_003,Skywarden,003,bottom,3,Coldchain,1500,2105,fixed_upgrade_price,,status,Adds a hit sequence that slows the target and nearby Bloons and produces freezing fragments.,https://raw.githubusercontent.com/hemisemidemipresent/cyberquincy/master/jsons/costs.json,https://raw.githubusercontent.com/Btd6ModHelper/btd6-game-data/main/textTable.json,https://raw.githubusercontent.com/Btd6ModHelper/btd6-game-data/main/Towers/Skywarden/Skywarden-003.json
skywarden_004,Skywarden,004,bottom,4,Frozen Verdict,3900,6005,fixed_upgrade_price,,status,Destroyed frozen targets leave track remnants that slow enemies and later explode.,https://raw.githubusercontent.com/hemisemidemipresent/cyberquincy/master/jsons/costs.json,https://raw.githubusercontent.com/Btd6ModHelper/btd6-game-data/main/textTable.json,https://raw.githubusercontent.com/Btd6ModHelper/btd6-game-data/main/Towers/Skywarden/Skywarden-004.json
skywarden_005,Skywarden,005,bottom,5,Winter's Mercy,20000,26005,fixed_upgrade_price,,status,Gains damage from frozen and shattered targets; frozen MOAB-class targets can produce ice explosions.,https://raw.githubusercontent.com/hemisemidemipresent/cyberquincy/master/jsons/costs.json,https://raw.githubusercontent.com/Btd6ModHelper/btd6-game-data/main/textTable.json,https://raw.githubusercontent.com/Btd6ModHelper/btd6-game-data/main/Towers/Skywarden/Skywarden-005.json
banana_farm_100,Banana Farm,100,top,1,Increased Production,500,1750,fixed_upgrade_price,,economy,Produces two additional banana bunches per round.,https://raw.githubusercontent.com/hemisemidemipresent/cyberquincy/master/jsons/costs.json,https://raw.githubusercontent.com/Btd6ModHelper/btd6-game-data/main/textTable.json,https://raw.githubusercontent.com/Btd6ModHelper/btd6-game-data/main/Towers/BananaFarm/BananaFarm-100.json
banana_farm_200,Banana Farm,200,top,2,Greater Production,600,2350,fixed_upgrade_price,,economy,Produces another two banana bunches per round.,https://raw.githubusercontent.com/hemisemidemipresent/cyberquincy/master/jsons/costs.json,https://raw.githubusercontent.com/Btd6ModHelper/btd6-game-data/main/textTable.json,https://raw.githubusercontent.com/Btd6ModHelper/btd6-game-data/main/Towers/BananaFarm/BananaFarm-200.json
banana_farm_300,Banana Farm,300,top,3,Banana Plantation,3000,5350,fixed_upgrade_price,,economy,Raises production to sixteen banana bunches per round.,https://raw.githubusercontent.com/hemisemidemipresent/cyberquincy/master/jsons/costs.json,https://raw.githubusercontent.com/Btd6ModHelper/btd6-game-data/main/textTable.json,https://raw.githubusercontent.com/Btd6ModHelper/btd6-game-data/main/Towers/BananaFarm/BananaFarm-300.json
banana_farm_400,Banana Farm,400,top,4,Banana Research Facility,19000,24350,fixed_upgrade_price,,economy,Produces five higher-value banana crates per round.,https://raw.githubusercontent.com/hemisemidemipresent/cyberquincy/master/jsons/costs.json,https://raw.githubusercontent.com/Btd6ModHelper/btd6-game-data/main/textTable.json,https://raw.githubusercontent.com/Btd6ModHelper/btd6-game-data/main/Towers/BananaFarm/BananaFarm-400.json
banana_farm_500,Banana Farm,500,top,5,Banana Central,115000,139350,fixed_upgrade_price,,economy,Greatly increases its own income and improves Banana Research Facilities.,https://raw.githubusercontent.com/hemisemidemipresent/cyberquincy/master/jsons/costs.json,https://raw.githubusercontent.com/Btd6ModHelper/btd6-game-data/main/textTable.json,https://raw.githubusercontent.com/Btd6ModHelper/btd6-game-data/main/Towers/BananaFarm/BananaFarm-500.json
banana_farm_010,Banana Farm,010,middle,1,Long Life Bananas,300,1550,fixed_upgrade_price,,economy,Increases the time available to collect bananas.,https://raw.githubusercontent.com/hemisemidemipresent/cyberquincy/master/jsons/costs.json,https://raw.githubusercontent.com/Btd6ModHelper/btd6-game-data/main/textTable.json,https://raw.githubusercontent.com/Btd6ModHelper/btd6-game-data/main/Towers/BananaFarm/BananaFarm-010.json
banana_farm_020,Banana Farm,020,middle,2,Valuable Bananas,800,2350,fixed_upgrade_price,,economy,Raises the cash value of produced bananas.,https://raw.githubusercontent.com/hemisemidemipresent/cyberquincy/master/jsons/costs.json,https://raw.githubusercontent.com/Btd6ModHelper/btd6-game-data/main/textTable.json,https://raw.githubusercontent.com/Btd6ModHelper/btd6-game-data/main/Towers/BananaFarm/BananaFarm-020.json
banana_farm_030,Banana Farm,030,middle,3,Monkey Bank,3650,6000,fixed_upgrade_price,,economy,Stores income in a bank account and adds interest each round.,https://raw.githubusercontent.com/hemisemidemipresent/cyberquincy/master/jsons/costs.json,https://raw.githubusercontent.com/Btd6ModHelper/btd6-game-data/main/textTable.json,https://raw.githubusercontent.com/Btd6ModHelper/btd6-game-data/main/Towers/BananaFarm/BananaFarm-030.json
banana_farm_040,Banana Farm,040,middle,4,IMF Loan,7200,13200,fixed_upgrade_price,,economy,Adds a cash-loan ability; part of later income repays the debt.,https://raw.githubusercontent.com/hemisemidemipresent/cyberquincy/master/jsons/costs.json,https://raw.githubusercontent.com/Btd6ModHelper/btd6-game-data/main/textTable.json,https://raw.githubusercontent.com/Btd6ModHelper/btd6-game-data/main/Towers/BananaFarm/BananaFarm-040.json
banana_farm_050,Banana Farm,050,middle,5,Monkey-Nomics,100000,113200,fixed_upgrade_price,,economy,Adds a large cash ability without creating loan debt.,https://raw.githubusercontent.com/hemisemidemipresent/cyberquincy/master/jsons/costs.json,https://raw.githubusercontent.com/Btd6ModHelper/btd6-game-data/main/textTable.json,https://raw.githubusercontent.com/Btd6ModHelper/btd6-game-data/main/Towers/BananaFarm/BananaFarm-050.json
banana_farm_001,Banana Farm,001,bottom,1,EZ Collect,250,1500,fixed_upgrade_price,,economy,Increases banana collection range and automatically recovers some value from expired bananas.,https://raw.githubusercontent.com/hemisemidemipresent/cyberquincy/master/jsons/costs.json,https://raw.githubusercontent.com/Btd6ModHelper/btd6-game-data/main/textTable.json,https://raw.githubusercontent.com/Btd6ModHelper/btd6-game-data/main/Towers/BananaFarm/BananaFarm-001.json
banana_farm_002,Banana Farm,002,bottom,2,Banana Salvage,400,1900,fixed_upgrade_price,,economy,Recovers more value from uncollected bananas and improves sellback behavior.,https://raw.githubusercontent.com/hemisemidemipresent/cyberquincy/master/jsons/costs.json,https://raw.githubusercontent.com/Btd6ModHelper/btd6-game-data/main/textTable.json,https://raw.githubusercontent.com/Btd6ModHelper/btd6-game-data/main/Towers/BananaFarm/BananaFarm-002.json
banana_farm_003,Banana Farm,003,bottom,3,Marketplace,2700,4600,fixed_upgrade_price,,economy,Produces cash automatically instead of collectible bananas.,https://raw.githubusercontent.com/hemisemidemipresent/cyberquincy/master/jsons/costs.json,https://raw.githubusercontent.com/Btd6ModHelper/btd6-game-data/main/textTable.json,https://raw.githubusercontent.com/Btd6ModHelper/btd6-game-data/main/Towers/BananaFarm/BananaFarm-003.json
banana_farm_004,Banana Farm,004,bottom,4,Central Market,15000,19600,fixed_upgrade_price,,economy,Increases automatic income and improves Merchantman income.,https://raw.githubusercontent.com/hemisemidemipresent/cyberquincy/master/jsons/costs.json,https://raw.githubusercontent.com/Btd6ModHelper/btd6-game-data/main/textTable.json,https://raw.githubusercontent.com/Btd6ModHelper/btd6-game-data/main/Towers/BananaFarm/BananaFarm-004.json
banana_farm_005,Banana Farm,005,bottom,5,Monkey Wall Street,70000,89600,fixed_upgrade_price,,economy,"Adds more automatic income, lives, and collection of nearby bananas.",https://raw.githubusercontent.com/hemisemidemipresent/cyberquincy/master/jsons/costs.json,https://raw.githubusercontent.com/Btd6ModHelper/btd6-game-data/main/textTable.json,https://raw.githubusercontent.com/Btd6ModHelper/btd6-game-data/main/Towers/BananaFarm/BananaFarm-005.json
spike_factory_100,Spike Factory,100,top,1,Bigger Stacks,800,1800,fixed_upgrade_price,,summoner,Increases the number of hits available in each spike pile.,https://raw.githubusercontent.com/hemisemidemipresent/cyberquincy/master/jsons/costs.json,https://raw.githubusercontent.com/Btd6ModHelper/btd6-game-data/main/textTable.json,https://raw.githubusercontent.com/Btd6ModHelper/btd6-game-data/main/Towers/SpikeFactory/SpikeFactory-100.json
spike_factory_200,Spike Factory,200,top,2,White Hot Spikes,600,2400,fixed_upgrade_price,,summoner,Allows spikes to damage Lead and Frozen targets.,https://raw.githubusercontent.com/hemisemidemipresent/cyberquincy/master/jsons/costs.json,https://raw.githubusercontent.com/Btd6ModHelper/btd6-game-data/main/textTable.json,https://raw.githubusercontent.com/Btd6ModHelper/btd6-game-data/main/Towers/SpikeFactory/SpikeFactory-200.json
spike_factory_300,Spike Factory,300,top,3,Spiked Balls,2300,4700,fixed_upgrade_price,,basic_dps,Produces spiked balls with bonus damage against Ceramic and Fortified targets.,https://raw.githubusercontent.com/hemisemidemipresent/cyberquincy/master/jsons/costs.json,https://raw.githubusercontent.com/Btd6ModHelper/btd6-game-data/main/textTable.json,https://raw.githubusercontent.com/Btd6ModHelper/btd6-game-data/main/Towers/SpikeFactory/SpikeFactory-300.json
spike_factory_400,Spike Factory,400,top,4,Spiked Mines,9500,14200,fixed_upgrade_price,,splash,Adds an explosion when a mine is exhausted.,https://raw.githubusercontent.com/hemisemidemipresent/cyberquincy/master/jsons/costs.json,https://raw.githubusercontent.com/Btd6ModHelper/btd6-game-data/main/textTable.json,https://raw.githubusercontent.com/Btd6ModHelper/btd6-game-data/main/Towers/SpikeFactory/SpikeFactory-400.json
spike_factory_500,Spike Factory,500,top,5,Super Mines,125000,139200,fixed_upgrade_price,,splash,Produces much stronger explosive mines.,https://raw.githubusercontent.com/hemisemidemipresent/cyberquincy/master/jsons/costs.json,https://raw.githubusercontent.com/Btd6ModHelper/btd6-game-data/main/textTable.json,https://raw.githubusercontent.com/Btd6ModHelper/btd6-game-data/main/Towers/SpikeFactory/SpikeFactory-500.json
spike_factory_010,Spike Factory,010,middle,1,Faster Production,600,1600,fixed_upgrade_price,,summoner,Reduces the interval between spike production.,https://raw.githubusercontent.com/hemisemidemipresent/cyberquincy/master/jsons/costs.json,https://raw.githubusercontent.com/Btd6ModHelper/btd6-game-data/main/textTable.json,https://raw.githubusercontent.com/Btd6ModHelper/btd6-game-data/main/Towers/SpikeFactory/SpikeFactory-010.json
spike_factory_020,Spike Factory,020,middle,2,Even Faster Production,800,2400,fixed_upgrade_price,,summoner,Further increases production speed.,https://raw.githubusercontent.com/hemisemidemipresent/cyberquincy/master/jsons/costs.json,https://raw.githubusercontent.com/Btd6ModHelper/btd6-game-data/main/textTable.json,https://raw.githubusercontent.com/Btd6ModHelper/btd6-game-data/main/Towers/SpikeFactory/SpikeFactory-020.json
spike_factory_030,Spike Factory,030,middle,3,MOAB SHREDR,2500,4900,fixed_upgrade_price,,tank_killer,Adds bonus damage against MOAB-class targets.,https://raw.githubusercontent.com/hemisemidemipresent/cyberquincy/master/jsons/costs.json,https://raw.githubusercontent.com/Btd6ModHelper/btd6-game-data/main/textTable.json,https://raw.githubusercontent.com/Btd6ModHelper/btd6-game-data/main/Towers/SpikeFactory/SpikeFactory-030.json
spike_factory_040,Spike Factory,040,middle,4,Spike Storm,7000,11900,fixed_upgrade_price,,tank_killer,Adds an activated spread of spikes across the track.,https://raw.githubusercontent.com/hemisemidemipresent/cyberquincy/master/jsons/costs.json,https://raw.githubusercontent.com/Btd6ModHelper/btd6-game-data/main/textTable.json,https://raw.githubusercontent.com/Btd6ModHelper/btd6-game-data/main/Towers/SpikeFactory/SpikeFactory-040.json
spike_factory_050,Spike Factory,050,middle,5,Carpet of Spikes,41000,52900,fixed_upgrade_price,,tank_killer,Automatically spreads spikes across the track and retains an activated spike ability.,https://raw.githubusercontent.com/hemisemidemipresent/cyberquincy/master/jsons/costs.json,https://raw.githubusercontent.com/Btd6ModHelper/btd6-game-data/main/textTable.json,https://raw.githubusercontent.com/Btd6ModHelper/btd6-game-data/main/Towers/SpikeFactory/SpikeFactory-050.json
spike_factory_001,Spike Factory,001,bottom,1,Long Reach,150,1150,fixed_upgrade_price,,summoner,Increases placement range and spike lifetime.,https://raw.githubusercontent.com/hemisemidemipresent/cyberquincy/master/jsons/costs.json,https://raw.githubusercontent.com/Btd6ModHelper/btd6-game-data/main/textTable.json,https://raw.githubusercontent.com/Btd6ModHelper/btd6-game-data/main/Towers/SpikeFactory/SpikeFactory-001.json
spike_factory_002,Spike Factory,002,bottom,2,Smart Spikes,400,1550,fixed_upgrade_price,,summoner,Adds placement targeting options and faster production at the start of a round.,https://raw.githubusercontent.com/hemisemidemipresent/cyberquincy/master/jsons/costs.json,https://raw.githubusercontent.com/Btd6ModHelper/btd6-game-data/main/textTable.json,https://raw.githubusercontent.com/Btd6ModHelper/btd6-game-data/main/Towers/SpikeFactory/SpikeFactory-002.json
spike_factory_003,Spike Factory,003,bottom,3,Long Life Spikes,1300,2850,fixed_upgrade_price,,summoner,Allows piles to survive across additional rounds.,https://raw.githubusercontent.com/hemisemidemipresent/cyberquincy/master/jsons/costs.json,https://raw.githubusercontent.com/Btd6ModHelper/btd6-game-data/main/textTable.json,https://raw.githubusercontent.com/Btd6ModHelper/btd6-game-data/main/Towers/SpikeFactory/SpikeFactory-003.json
spike_factory_004,Spike Factory,004,bottom,4,Deadly Spikes,3600,6450,fixed_upgrade_price,,summoner,Increases spike damage and persistence.,https://raw.githubusercontent.com/hemisemidemipresent/cyberquincy/master/jsons/costs.json,https://raw.githubusercontent.com/Btd6ModHelper/btd6-game-data/main/textTable.json,https://raw.githubusercontent.com/Btd6ModHelper/btd6-game-data/main/Towers/SpikeFactory/SpikeFactory-004.json
spike_factory_005,Spike Factory,005,bottom,5,Perma-Spike,30000,36450,fixed_upgrade_price,,summoner,"Produces high-damage, long-lived spike piles; they still have finite lifetime and hit capacity.",https://raw.githubusercontent.com/hemisemidemipresent/cyberquincy/master/jsons/costs.json,https://raw.githubusercontent.com/Btd6ModHelper/btd6-game-data/main/textTable.json,https://raw.githubusercontent.com/Btd6ModHelper/btd6-game-data/main/Towers/SpikeFactory/SpikeFactory-005.json
monkey_village_100,Monkey Village,100,top,1,Bigger Radius,400,1600,fixed_upgrade_price,160,support,Increases the Village's support radius.,https://raw.githubusercontent.com/hemisemidemipresent/cyberquincy/master/jsons/costs.json,https://raw.githubusercontent.com/Btd6ModHelper/btd6-game-data/main/textTable.json,https://raw.githubusercontent.com/Btd6ModHelper/btd6-game-data/main/Towers/MonkeyVillage/MonkeyVillage-100.json
monkey_village_200,Monkey Village,200,top,2,Jungle Drums,1500,3100,fixed_upgrade_price,1000,support,Increases the attack speed of nearby towers.,https://raw.githubusercontent.com/hemisemidemipresent/cyberquincy/master/jsons/costs.json,https://raw.githubusercontent.com/Btd6ModHelper/btd6-game-data/main/textTable.json,https://raw.githubusercontent.com/Btd6ModHelper/btd6-game-data/main/Towers/MonkeyVillage/MonkeyVillage-200.json
monkey_village_300,Monkey Village,300,top,3,Primary Training,800,3900,fixed_upgrade_price,2000,support,"Improves nearby Primary towers' range, pierce, and projectile speed.",https://raw.githubusercontent.com/hemisemidemipresent/cyberquincy/master/jsons/costs.json,https://raw.githubusercontent.com/Btd6ModHelper/btd6-game-data/main/textTable.json,https://raw.githubusercontent.com/Btd6ModHelper/btd6-game-data/main/Towers/MonkeyVillage/MonkeyVillage-300.json
monkey_village_400,Monkey Village,400,top,4,Primary Mentoring,2500,6400,fixed_upgrade_price,12000,support,"Adds stronger Primary support, free tier-one upgrades, and ability cooldown benefits.",https://raw.githubusercontent.com/hemisemidemipresent/cyberquincy/master/jsons/costs.json,https://raw.githubusercontent.com/Btd6ModHelper/btd6-game-data/main/textTable.json,https://raw.githubusercontent.com/Btd6ModHelper/btd6-game-data/main/Towers/MonkeyVillage/MonkeyVillage-400.json
monkey_village_500,Monkey Village,500,top,5,Primary Expertise,25000,31400,fixed_upgrade_price,32000,support,Adds a damaging ballista attack and free tier-one and tier-two upgrades for supported Primary towers.,https://raw.githubusercontent.com/hemisemidemipresent/cyberquincy/master/jsons/costs.json,https://raw.githubusercontent.com/Btd6ModHelper/btd6-game-data/main/textTable.json,https://raw.githubusercontent.com/Btd6ModHelper/btd6-game-data/main/Towers/MonkeyVillage/MonkeyVillage-500.json
monkey_village_010,Monkey Village,010,middle,1,Grow Blocker,250,1450,fixed_upgrade_price,150,support,Prevents Regrow Bloons from regrowing within range.,https://raw.githubusercontent.com/hemisemidemipresent/cyberquincy/master/jsons/costs.json,https://raw.githubusercontent.com/Btd6ModHelper/btd6-game-data/main/textTable.json,https://raw.githubusercontent.com/Btd6ModHelper/btd6-game-data/main/Towers/MonkeyVillage/MonkeyVillage-010.json
monkey_village_020,Monkey Village,020,middle,2,Radar Scanner,2000,3450,fixed_upgrade_price,2500,support,Grants Camo detection to nearby towers.,https://raw.githubusercontent.com/hemisemidemipresent/cyberquincy/master/jsons/costs.json,https://raw.githubusercontent.com/Btd6ModHelper/btd6-game-data/main/textTable.json,https://raw.githubusercontent.com/Btd6ModHelper/btd6-game-data/main/Towers/MonkeyVillage/MonkeyVillage-020.json
monkey_village_030,Monkey Village,030,middle,3,Monkey Intelligence Bureau,7500,10950,fixed_upgrade_price,3500,support,Lets supported towers damage all normal Bloon immunity types.,https://raw.githubusercontent.com/hemisemidemipresent/cyberquincy/master/jsons/costs.json,https://raw.githubusercontent.com/Btd6ModHelper/btd6-game-data/main/textTable.json,https://raw.githubusercontent.com/Btd6ModHelper/btd6-game-data/main/Towers/MonkeyVillage/MonkeyVillage-030.json
monkey_village_040,Monkey Village,040,middle,4,Call to Arms,20000,30950,fixed_upgrade_price,20000,support,Adds a temporary attack-speed and pierce buff ability.,https://raw.githubusercontent.com/hemisemidemipresent/cyberquincy/master/jsons/costs.json,https://raw.githubusercontent.com/Btd6ModHelper/btd6-game-data/main/textTable.json,https://raw.githubusercontent.com/Btd6ModHelper/btd6-game-data/main/Towers/MonkeyVillage/MonkeyVillage-040.json
monkey_village_050,Monkey Village,050,middle,5,Homeland Defense,40000,70950,fixed_upgrade_price,30000,support,Upgrades the ability to a map-wide attack-speed and pierce buff.,https://raw.githubusercontent.com/hemisemidemipresent/cyberquincy/master/jsons/costs.json,https://raw.githubusercontent.com/Btd6ModHelper/btd6-game-data/main/textTable.json,https://raw.githubusercontent.com/Btd6ModHelper/btd6-game-data/main/Towers/MonkeyVillage/MonkeyVillage-050.json
monkey_village_001,Monkey Village,001,bottom,1,Monkey Business,500,1700,fixed_upgrade_price,250,support,Discounts nearby tower placement and eligible early upgrades.,https://raw.githubusercontent.com/hemisemidemipresent/cyberquincy/master/jsons/costs.json,https://raw.githubusercontent.com/Btd6ModHelper/btd6-game-data/main/textTable.json,https://raw.githubusercontent.com/Btd6ModHelper/btd6-game-data/main/Towers/MonkeyVillage/MonkeyVillage-001.json
monkey_village_002,Monkey Village,002,bottom,2,Monkey Commerce,500,2200,fixed_upgrade_price,750,support,Improves discounts and permits limited stacking with other Villages.,https://raw.githubusercontent.com/hemisemidemipresent/cyberquincy/master/jsons/costs.json,https://raw.githubusercontent.com/Btd6ModHelper/btd6-game-data/main/textTable.json,https://raw.githubusercontent.com/Btd6ModHelper/btd6-game-data/main/Towers/MonkeyVillage/MonkeyVillage-002.json
monkey_village_003,Monkey Village,003,bottom,3,Monkey Town,10000,12200,fixed_upgrade_price,3000,economy,Increases cash earned from pops by supported towers.,https://raw.githubusercontent.com/hemisemidemipresent/cyberquincy/master/jsons/costs.json,https://raw.githubusercontent.com/Btd6ModHelper/btd6-game-data/main/textTable.json,https://raw.githubusercontent.com/Btd6ModHelper/btd6-game-data/main/Towers/MonkeyVillage/MonkeyVillage-003.json
monkey_village_004,Monkey Village,004,bottom,4,Monkey City,3000,15200,fixed_upgrade_price,15500,economy,Improves range and income support and supplies a free Dart Monkey each round.,https://raw.githubusercontent.com/hemisemidemipresent/cyberquincy/master/jsons/costs.json,https://raw.githubusercontent.com/Btd6ModHelper/btd6-game-data/main/textTable.json,https://raw.githubusercontent.com/Btd6ModHelper/btd6-game-data/main/Towers/MonkeyVillage/MonkeyVillage-004.json
monkey_village_005,Monkey Village,005,bottom,5,Monkeyopolis,,,conditional,28000,economy,Consumes nearby Banana Farms and converts them into Village income; purchase price depends on the Farms absorbed.,https://raw.githubusercontent.com/hemisemidemipresent/cyberquincy/master/jsons/costs.json,https://raw.githubusercontent.com/Btd6ModHelper/btd6-game-data/main/textTable.json,https://raw.githubusercontent.com/Btd6ModHelper/btd6-game-data/main/Towers/MonkeyVillage/MonkeyVillage-005.json
engineer_monkey_100,Engineer Monkey,100,top,1,Sentry Gun,500,850,fixed_upgrade_price,160,basic_dps,Periodically deploys temporary attacking sentries.,https://raw.githubusercontent.com/hemisemidemipresent/cyberquincy/master/jsons/costs.json,https://raw.githubusercontent.com/Btd6ModHelper/btd6-game-data/main/textTable.json,https://raw.githubusercontent.com/Btd6ModHelper/btd6-game-data/main/Towers/EngineerMonkey/EngineerMonkey-100.json
engineer_monkey_200,Engineer Monkey,200,top,2,Faster Engineering,400,1250,fixed_upgrade_price,550,basic_dps,"Increases the production speed of sentries, foam, and traps as applicable.",https://raw.githubusercontent.com/hemisemidemipresent/cyberquincy/master/jsons/costs.json,https://raw.githubusercontent.com/Btd6ModHelper/btd6-game-data/main/textTable.json,https://raw.githubusercontent.com/Btd6ModHelper/btd6-game-data/main/Towers/EngineerMonkey/EngineerMonkey-200.json
engineer_monkey_300,Engineer Monkey,300,top,3,Sprockets,575,1825,fixed_upgrade_price,1850,summoner,Increases the firing speed of the Engineer and sentries.,https://raw.githubusercontent.com/hemisemidemipresent/cyberquincy/master/jsons/costs.json,https://raw.githubusercontent.com/Btd6ModHelper/btd6-game-data/main/textTable.json,https://raw.githubusercontent.com/Btd6ModHelper/btd6-game-data/main/Towers/EngineerMonkey/EngineerMonkey-300.json
engineer_monkey_400,Engineer Monkey,400,top,4,Sentry Expert,2500,4325,fixed_upgrade_price,9500,summoner,Produces several specialized sentry types.,https://raw.githubusercontent.com/hemisemidemipresent/cyberquincy/master/jsons/costs.json,https://raw.githubusercontent.com/Btd6ModHelper/btd6-game-data/main/textTable.json,https://raw.githubusercontent.com/Btd6ModHelper/btd6-game-data/main/Towers/EngineerMonkey/EngineerMonkey-400.json
engineer_monkey_500,Engineer Monkey,500,top,5,Sentry Champion,32000,36325,fixed_upgrade_price,30000,summoner,Produces stronger unstable sentries that explode when their deployment ends.,https://raw.githubusercontent.com/hemisemidemipresent/cyberquincy/master/jsons/costs.json,https://raw.githubusercontent.com/Btd6ModHelper/btd6-game-data/main/textTable.json,https://raw.githubusercontent.com/Btd6ModHelper/btd6-game-data/main/Towers/EngineerMonkey/EngineerMonkey-500.json
engineer_monkey_010,Engineer Monkey,010,middle,1,Larger Service Area,250,600,fixed_upgrade_price,170,basic_dps,Increases attack and deployment range.,https://raw.githubusercontent.com/hemisemidemipresent/cyberquincy/master/jsons/costs.json,https://raw.githubusercontent.com/Btd6ModHelper/btd6-game-data/main/textTable.json,https://raw.githubusercontent.com/Btd6ModHelper/btd6-game-data/main/Towers/EngineerMonkey/EngineerMonkey-010.json
engineer_monkey_020,Engineer Monkey,020,middle,2,Deconstruction,350,950,fixed_upgrade_price,500,basic_dps,Adds damage against Fortified and MOAB-class targets.,https://raw.githubusercontent.com/hemisemidemipresent/cyberquincy/master/jsons/costs.json,https://raw.githubusercontent.com/Btd6ModHelper/btd6-game-data/main/textTable.json,https://raw.githubusercontent.com/Btd6ModHelper/btd6-game-data/main/Towers/EngineerMonkey/EngineerMonkey-020.json
engineer_monkey_030,Engineer Monkey,030,middle,3,Cleansing Foam,900,1850,fixed_upgrade_price,2000,support,Places foam that removes Camo and Regrow and can destroy Lead layers.,https://raw.githubusercontent.com/hemisemidemipresent/cyberquincy/master/jsons/costs.json,https://raw.githubusercontent.com/Btd6ModHelper/btd6-game-data/main/textTable.json,https://raw.githubusercontent.com/Btd6ModHelper/btd6-game-data/main/Towers/EngineerMonkey/EngineerMonkey-030.json
engineer_monkey_040,Engineer Monkey,040,middle,4,Overclock,13500,15350,fixed_upgrade_price,14000,support,Adds a targeted temporary attack-speed boost ability.,https://raw.githubusercontent.com/hemisemidemipresent/cyberquincy/master/jsons/costs.json,https://raw.githubusercontent.com/Btd6ModHelper/btd6-game-data/main/textTable.json,https://raw.githubusercontent.com/Btd6ModHelper/btd6-game-data/main/Towers/EngineerMonkey/EngineerMonkey-040.json
engineer_monkey_050,Engineer Monkey,050,middle,5,Ultraboost,72000,87350,fixed_upgrade_price,35000,support,Adds a permanent stacking boost to the Overclock effect.,https://raw.githubusercontent.com/hemisemidemipresent/cyberquincy/master/jsons/costs.json,https://raw.githubusercontent.com/Btd6ModHelper/btd6-game-data/main/textTable.json,https://raw.githubusercontent.com/Btd6ModHelper/btd6-game-data/main/Towers/EngineerMonkey/EngineerMonkey-050.json
engineer_monkey_001,Engineer Monkey,001,bottom,1,Oversize Nails,450,800,fixed_upgrade_price,150,basic_dps,Increases nail pierce and allows Frozen popping; improves compatible secondary attacks.,https://raw.githubusercontent.com/hemisemidemipresent/cyberquincy/master/jsons/costs.json,https://raw.githubusercontent.com/Btd6ModHelper/btd6-game-data/main/textTable.json,https://raw.githubusercontent.com/Btd6ModHelper/btd6-game-data/main/Towers/EngineerMonkey/EngineerMonkey-001.json
engineer_monkey_002,Engineer Monkey,002,bottom,2,Pin,220,1020,fixed_upgrade_price,500,basic_dps,Nails can temporarily immobilize ordinary Bloons.,https://raw.githubusercontent.com/hemisemidemipresent/cyberquincy/master/jsons/costs.json,https://raw.githubusercontent.com/Btd6ModHelper/btd6-game-data/main/textTable.json,https://raw.githubusercontent.com/Btd6ModHelper/btd6-game-data/main/Towers/EngineerMonkey/EngineerMonkey-002.json
engineer_monkey_003,Engineer Monkey,003,bottom,3,Double Gun,450,1470,fixed_upgrade_price,1800,basic_dps,Adds a second nail gun.,https://raw.githubusercontent.com/hemisemidemipresent/cyberquincy/master/jsons/costs.json,https://raw.githubusercontent.com/Btd6ModHelper/btd6-game-data/main/textTable.json,https://raw.githubusercontent.com/Btd6ModHelper/btd6-game-data/main/Towers/EngineerMonkey/EngineerMonkey-003.json
engineer_monkey_004,Engineer Monkey,004,bottom,4,Bloon Trap,3600,5070,fixed_upgrade_price,11000,economy,Deploys a trap that captures ordinary Bloons and pays cash when collected.,https://raw.githubusercontent.com/hemisemidemipresent/cyberquincy/master/jsons/costs.json,https://raw.githubusercontent.com/Btd6ModHelper/btd6-game-data/main/textTable.json,https://raw.githubusercontent.com/Btd6ModHelper/btd6-game-data/main/Towers/EngineerMonkey/EngineerMonkey-004.json
engineer_monkey_005,Engineer Monkey,005,bottom,5,XXXL Trap,45000,50070,fixed_upgrade_price,40000,economy,Deploys larger traps that can capture eligible MOAB-class targets.,https://raw.githubusercontent.com/hemisemidemipresent/cyberquincy/master/jsons/costs.json,https://raw.githubusercontent.com/Btd6ModHelper/btd6-game-data/main/textTable.json,https://raw.githubusercontent.com/Btd6ModHelper/btd6-game-data/main/Towers/EngineerMonkey/EngineerMonkey-005.json
beast_handler_100,Beast Handler,100,top,1,Piranha,160,410,fixed_upgrade_price,250,basic_dps,Commands an aquatic beast; requires nearby water.,https://raw.githubusercontent.com/hemisemidemipresent/cyberquincy/master/jsons/costs.json,https://raw.githubusercontent.com/Btd6ModHelper/btd6-game-data/main/textTable.json,https://raw.githubusercontent.com/Btd6ModHelper/btd6-game-data/main/Towers/BeastHandler/BeastHandler-100.json
beast_handler_200,Beast Handler,200,top,2,Barracuda,810,1220,fixed_upgrade_price,500,basic_dps,Improves the aquatic beast and adds knockback.,https://raw.githubusercontent.com/hemisemidemipresent/cyberquincy/master/jsons/costs.json,https://raw.githubusercontent.com/Btd6ModHelper/btd6-game-data/main/textTable.json,https://raw.githubusercontent.com/Btd6ModHelper/btd6-game-data/main/Towers/BeastHandler/BeastHandler-200.json
beast_handler_300,Beast Handler,300,top,3,Great White,2010,3230,fixed_upgrade_price,1000,tank_killer,Adds a stronger aquatic predator; sufficiently high Beast Power permits grabbing smaller MOAB-class targets.,https://raw.githubusercontent.com/hemisemidemipresent/cyberquincy/master/jsons/costs.json,https://raw.githubusercontent.com/Btd6ModHelper/btd6-game-data/main/textTable.json,https://raw.githubusercontent.com/Btd6ModHelper/btd6-game-data/main/Towers/BeastHandler/BeastHandler-300.json
beast_handler_400,Beast Handler,400,top,4,Orca,12500,15730,fixed_upgrade_price,4250,tank_killer,Adds a larger aquatic predator; its capabilities scale with Beast Power.,https://raw.githubusercontent.com/hemisemidemipresent/cyberquincy/master/jsons/costs.json,https://raw.githubusercontent.com/Btd6ModHelper/btd6-game-data/main/textTable.json,https://raw.githubusercontent.com/Btd6ModHelper/btd6-game-data/main/Towers/BeastHandler/BeastHandler-400.json
beast_handler_500,Beast Handler,500,top,5,Megalodon,45000,60730,fixed_upgrade_price,100000,tank_killer,Adds the strongest aquatic beast and requires support from three other Orca handlers.,https://raw.githubusercontent.com/hemisemidemipresent/cyberquincy/master/jsons/costs.json,https://raw.githubusercontent.com/Btd6ModHelper/btd6-game-data/main/textTable.json,https://raw.githubusercontent.com/Btd6ModHelper/btd6-game-data/main/Towers/BeastHandler/BeastHandler-500.json
beast_handler_010,Beast Handler,010,middle,1,Microraptor,175,425,fixed_upgrade_price,250,basic_dps,Commands a small land dinosaur.,https://raw.githubusercontent.com/hemisemidemipresent/cyberquincy/master/jsons/costs.json,https://raw.githubusercontent.com/Btd6ModHelper/btd6-game-data/main/textTable.json,https://raw.githubusercontent.com/Btd6ModHelper/btd6-game-data/main/Towers/BeastHandler/BeastHandler-010.json
beast_handler_020,Beast Handler,020,middle,2,Adasaurus,830,1255,fixed_upgrade_price,500,basic_dps,Improves the dinosaur and permits Lead damage.,https://raw.githubusercontent.com/hemisemidemipresent/cyberquincy/master/jsons/costs.json,https://raw.githubusercontent.com/Btd6ModHelper/btd6-game-data/main/textTable.json,https://raw.githubusercontent.com/Btd6ModHelper/btd6-game-data/main/Towers/BeastHandler/BeastHandler-020.json
beast_handler_030,Beast Handler,030,middle,3,Velociraptor,2065,3320,fixed_upgrade_price,1000,splash,Adds a larger dinosaur with bonus damage against stunned targets.,https://raw.githubusercontent.com/hemisemidemipresent/cyberquincy/master/jsons/costs.json,https://raw.githubusercontent.com/Btd6ModHelper/btd6-game-data/main/textTable.json,https://raw.githubusercontent.com/Btd6ModHelper/btd6-game-data/main/Towers/BeastHandler/BeastHandler-030.json
beast_handler_040,Beast Handler,040,middle,4,Tyrannosaurus Rex,9500,12820,fixed_upgrade_price,5000,splash,Adds a powerful dinosaur and the T-Rex Stomp ability.,https://raw.githubusercontent.com/hemisemidemipresent/cyberquincy/master/jsons/costs.json,https://raw.githubusercontent.com/Btd6ModHelper/btd6-game-data/main/textTable.json,https://raw.githubusercontent.com/Btd6ModHelper/btd6-game-data/main/Towers/BeastHandler/BeastHandler-040.json
beast_handler_050,Beast Handler,050,middle,5,Giganotosaurus,60000,72820,fixed_upgrade_price,90000,splash,Strengthens the dinosaur and stomp; requires support from three other Tyrannosaurus Rex handlers.,https://raw.githubusercontent.com/hemisemidemipresent/cyberquincy/master/jsons/costs.json,https://raw.githubusercontent.com/Btd6ModHelper/btd6-game-data/main/textTable.json,https://raw.githubusercontent.com/Btd6ModHelper/btd6-game-data/main/Towers/BeastHandler/BeastHandler-050.json
beast_handler_001,Beast Handler,001,bottom,1,Gyrfalcon,190,440,fixed_upgrade_price,250,basic_dps,Commands a bird that carries ordinary Bloons back along the track.,https://raw.githubusercontent.com/hemisemidemipresent/cyberquincy/master/jsons/costs.json,https://raw.githubusercontent.com/Btd6ModHelper/btd6-game-data/main/textTable.json,https://raw.githubusercontent.com/Btd6ModHelper/btd6-game-data/main/Towers/BeastHandler/BeastHandler-001.json
beast_handler_002,Beast Handler,002,bottom,2,Horned Owl,860,1300,fixed_upgrade_price,550,basic_dps,Improves the bird and adds Camo and Ceramic handling.,https://raw.githubusercontent.com/hemisemidemipresent/cyberquincy/master/jsons/costs.json,https://raw.githubusercontent.com/Btd6ModHelper/btd6-game-data/main/textTable.json,https://raw.githubusercontent.com/Btd6ModHelper/btd6-game-data/main/Towers/BeastHandler/BeastHandler-002.json
beast_handler_003,Beast Handler,003,bottom,3,Golden Eagle,2120,3420,fixed_upgrade_price,1000,slow,Adds a stronger bird; sufficient Beast Power permits carrying smaller MOAB-class targets.,https://raw.githubusercontent.com/hemisemidemipresent/cyberquincy/master/jsons/costs.json,https://raw.githubusercontent.com/Btd6ModHelper/btd6-game-data/main/textTable.json,https://raw.githubusercontent.com/Btd6ModHelper/btd6-game-data/main/Towers/BeastHandler/BeastHandler-003.json
beast_handler_004,Beast Handler,004,bottom,4,Giant Condor,9000,12420,fixed_upgrade_price,5500,slow,Can move larger eligible MOAB-class targets; capacity scales with Beast Power.,https://raw.githubusercontent.com/hemisemidemipresent/cyberquincy/master/jsons/costs.json,https://raw.githubusercontent.com/Btd6ModHelper/btd6-game-data/main/textTable.json,https://raw.githubusercontent.com/Btd6ModHelper/btd6-game-data/main/Towers/BeastHandler/BeastHandler-004.json
beast_handler_005,Beast Handler,005,bottom,5,Pouākai,30000,42420,fixed_upgrade_price,110000,slow,Adds the strongest bird and requires support from three other Giant Condor handlers.,https://raw.githubusercontent.com/hemisemidemipresent/cyberquincy/master/jsons/costs.json,https://raw.githubusercontent.com/Btd6ModHelper/btd6-game-data/main/textTable.json,https://raw.githubusercontent.com/Btd6ModHelper/btd6-game-data/main/Towers/BeastHandler/BeastHandler-005.json
